index,timestamp_us,duration_us,level
0,6580251,0,0
1,6584143,3892,1
2,6705245,121102,0
3,6709145,3900,1
4,6830247,121102,0
5,6834147,3900,1
6,6955250,121103,0
7,6959149,3899,1
8,7080252,121103,0
9,7084152,3900,1
10,7205254,121102,0
11,7209154,3900,1
12,7330256,121102,0
13,7334156,3900,1
14,7455259,121103,0
15,7459158,3899,1
16,7580260,121102,0
17,7584160,3900,1
18,7705266,121106,0
19,7709162,3896,1
20,7830266,121104,0
21,7834164,3898,1
22,7955267,121103,0
23,7959167,3900,1
24,8080269,121102,0
25,8084169,3900,1
26,8205271,121102,0
27,8209171,3900,1
28,8330273,121102,0
29,8334173,3900,1
30,8455275,121102,0
31,8459175,3900,1
32,8580277,121102,0
33,8584177,3900,1
34,8705279,121102,0
35,8709179,3900,1
36,8830282,121103,0
37,8834182,3900,1
38,8955284,121102,0
39,8959184,3900,1
40,9080286,121102,0
41,9084186,3900,1
42,9205288,121102,0
43,9209188,3900,1
44,9330290,121102,0
45,9334190,3900,1
46,9455292,121102,0
47,9459192,3900,1
48,9459386,194,0
49,9459588,202,1
50,9459662,74,0
51,9459818,156,1
52,9459898,80,0
53,9460054,156,1
54,9460134,80,0
55,9460290,156,1
56,9460370,80,0
57,9460526,156,1
58,9460606,80,0
59,9460762,156,1
60,9460842,80,0
61,9460998,156,1
62,9461078,80,0
63,9461235,157,1
64,9461315,80,0
65,9461393,78,1
66,9461632,239,0
67,9461790,158,1
68,9461864,74,0
69,9462022,158,1
70,9580294,118272,0
71,9584194,3900,1
72,9705297,121103,0
73,9709197,3900,1
74,9830299,121102,0
75,9834199,3900,1
76,9955301,121102,0
77,9959201,3900,1
78,10080303,121102,0
79,10084203,3900,1
80,10205305,121102,0
81,10209205,3900,1
82,10330307,121102,0
83,10334207,3900,1
84,10455309,121102,0
85,10459209,3900,1
86,10580312,121103,0
87,10584211,3899,1
88,10705314,121103,0
89,10709214,3900,1
90,10830316,121102,0
91,10834216,3900,1
92,10955318,121102,0
93,10959218,3900,1
94,11080320,121102,0
95,11084220,3900,1
96,11205322,121102,0
97,11209222,3900,1
98,11330324,121102,0
99,11334224,3900,1
100,11455326,121102,0
101,11459226,3900,1
102,11580329,121103,0
103,11584229,3900,1
104,11705331,121102,0
105,11709231,3900,1
106,11830333,121102,0
107,11834233,3900,1
108,11955335,121102,0
109,11959235,3900,1
110,12080337,121102,0
111,12084237,3900,1
112,12205339,121102,0
113,12209239,3900,1
114,12330341,121102,0
115,12334241,3900,1
116,12455344,121103,0
117,12459244,3900,1
118,12580346,121102,0
119,12584246,3900,1
120,12705348,121102,0
121,12709248,3900,1
122,12830350,121102,0
123,12834250,3900,1
124,12955352,121102,0
125,12959252,3900,1
126,13080354,121102,0
127,13084254,3900,1
128,13205356,121102,0
129,13209256,3900,1
130,13330359,121103,0
131,13334260,3901,1
132,13455361,121101,0
133,13459260,3899,1
134,13580363,121103,0
135,13584266,3903,1
136,13705365,121099,0
137,13709266,3901,1
138,13830367,121101,0
139,13834267,3900,1
140,13931787,97520,0
141,13931995,208,1
142,13932074,79,0
143,13932235,161,1
144,13932310,75,0
145,13932393,83,1
146,13932547,154,0
147,13932708,161,1
148,13932783,75,0
149,13932944,161,1
150,13933102,158,0
151,13933266,164,1
152,13933339,73,0
153,13933499,160,1
154,13933575,76,0
155,13933736,161,1
156,13933812,76,0
157,13933972,160,1
158,13934048,76,0
159,13934209,161,1
160,13934285,76,0
161,13934445,160,1
162,13934521,76,0
163,13934682,161,1
164,13934758,76,0
165,13934918,160,1
166,13935077,159,0
167,13935160,83,1
168,13935314,154,0
169,13935474,160,1
170,13935550,76,0
171,13935633,83,1
172,13935787,154,0
173,13935947,160,1
174,13936023,76,0
175,13936184,161,1
176,13936260,76,0
177,13936420,160,1
178,13936496,76,0
179,13936657,161,1
180,13936733,76,0
181,13936893,160,1
182,13937052,159,0
183,13937213,161,1
184,13937289,76,0
185,13937449,160,1
186,13937525,76,0
187,13937686,161,1
188,13937762,76,0
189,13937922,160,1
190,13937998,76,0
191,13938159,161,1
192,13938235,76,0
193,13938395,160,1
194,13938471,76,0
195,13938632,161,1
196,13938708,76,0
197,13938868,160,1
198,13939027,159,0
199,13939110,83,1
200,13939266,156,0
201,13939424,158,1
202,13939500,76,0
203,13939583,83,1
204,13939736,153,0
205,13939897,161,1
206,13939973,76,0
207,13940134,161,1
208,13940209,75,0
209,13940370,161,1
210,13940446,76,0
211,13940607,161,1
212,13940682,75,0
213,13940843,161,1
214,13941002,159,0
215,13941163,161,1
216,13941238,75,0
217,13941399,161,1
218,13941475,76,0
219,13941636,161,1
220,13941711,75,0
221,13941872,161,1
222,13941948,76,0
223,13942109,161,1
224,13942184,75,0
225,13942345,161,1
226,13942421,76,0
227,13942582,161,1
228,13942657,75,0
229,13942818,161,1
230,13942977,159,0
231,13943060,83,1
232,13943213,153,0
233,13943374,161,1
234,13943450,76,0
235,13943533,83,1
236,13943686,153,0
237,13943847,161,1
238,13943923,76,0
239,13944083,160,1
240,13944159,76,0
241,13944320,161,1
242,13944396,76,0
243,13944556,160,1
244,13944632,76,0
245,13944793,161,1
246,13944952,159,0
247,13945112,160,1
248,13945188,76,0
249,13945349,161,1
250,13945425,76,0
251,13945586,161,1
252,13945661,75,0
253,13945822,161,1
254,13945898,76,0
255,13946058,160,1
256,13946134,76,0
257,13946295,161,1
258,13946371,76,0
259,13946531,160,1
260,13946607,76,0
261,13946768,161,1
262,13946927,159,0
263,13947009,82,1
264,13947163,154,0
265,13947324,161,1
266,13947400,76,0
267,13947482,82,1
268,13947636,154,0
269,13947797,161,1
270,13947873,76,0
271,13948033,160,1
272,13948109,76,0
273,13948270,161,1
274,13948346,76,0
275,13948506,160,1
276,13948583,77,0
277,13948743,160,1
278,13948903,160,0
279,13949063,160,1
280,13949139,76,0
281,13949300,161,1
282,13949376,76,0
283,13949536,160,1
284,13949612,76,0
285,13949773,161,1
286,13955369,5596,0
287,13959269,3900,1
288,14056790,97521,0
289,14056997,207,1
290,14057076,79,0
291,14057237,161,1
292,14057313,76,0
293,14057395,82,1
294,14057549,154,0
295,14057710,161,1
296,14057785,75,0
297,14057946,161,1
298,14058104,158,0
299,14058266,162,1
300,14058341,75,0
301,14058502,161,1
302,14058577,75,0
303,14058738,161,1
304,14058814,76,0
305,14058975,161,1
306,14059050,75,0
307,14059211,161,1
308,14059287,76,0
309,14059448,161,1
310,14059523,75,0
311,14059684,161,1
312,14059760,76,0
313,14059921,161,1
314,14060079,158,0
315,14060162,83,1
316,14060316,154,0
317,14060477,161,1
318,14060552,75,0
319,14060635,83,1
320,14060789,154,0
321,14060950,161,1
322,14061025,75,0
323,14061186,161,1
324,14061266,80,0
325,14061422,156,1
326,14061498,76,0
327,14061659,161,1
328,14061735,76,0
329,14061895,160,1
330,14062054,159,0
331,14062215,161,1
332,14062291,76,0
333,14062451,160,1
334,14062527,76,0
335,14062688,161,1
336,14062764,76,0
337,14062924,160,1
338,14063000,76,0
339,14063161,161,1
340,14063237,76,0
341,14063397,160,1
342,14063473,76,0
343,14063634,161,1
344,14063710,76,0
345,14063870,160,1
346,14064029,159,0
347,14064112,83,1
348,14064266,154,0
349,14064426,160,1
350,14064502,76,0
351,14064585,83,1
352,14064739,154,0
353,14064899,160,1
354,14064975,76,0
355,14065136,161,1
356,14065212,76,0
357,14065372,160,1
358,14065448,76,0
359,14065609,161,1
360,14065685,76,0
361,14065845,160,1
362,14066004,159,0
363,14066165,161,1
364,14066241,76,0
365,14066401,160,1
366,14066477,76,0
367,14066638,161,1
368,14066714,76,0
369,14066874,160,1
370,14066950,76,0
371,14067111,161,1
372,14067187,76,0
373,14067347,160,1
374,14067423,76,0
375,14067584,161,1
376,14067659,75,0
377,14067820,161,1
378,14067979,159,0
379,14068062,83,1
380,14068215,153,0
381,14068376,161,1
382,14068452,76,0
383,14068535,83,1
384,14068688,153,0
385,14068849,161,1
386,14068925,76,0
387,14069086,161,1
388,14069161,75,0
389,14069322,161,1
390,14069398,76,0
391,14069559,161,1
392,14069634,75,0
393,14069795,161,1
394,14069954,159,0
395,14070115,161,1
396,14070190,75,0
397,14070351,161,1
398,14070427,76,0
399,14070588,161,1
400,14070663,75,0
401,14070824,161,1
402,14070900,76,0
403,14071061,161,1
404,14071136,75,0
405,14071297,161,1
406,14071373,76,0
407,14071533,160,1
408,14071609,76,0
409,14071770,161,1
410,14071929,159,0
411,14072011,82,1
412,14072165,154,0
413,14072326,161,1
414,14072402,76,0
415,14072484,82,1
416,14072638,154,0
417,14072799,161,1
418,14072875,76,0
419,14073035,160,1
420,14073111,76,0
421,14073272,161,1
422,14073348,76,0
423,14073508,160,1
424,14073584,76,0
425,14073745,161,1
426,14073905,160,0
427,14074065,160,1
428,14074141,76,0
429,14074302,161,1
430,14074378,76,0
431,14074538,160,1
432,14074614,76,0
433,14074775,161,1
434,14080371,5596,0
435,14084271,3900,1
436,14205373,121102,0
437,14209273,3900,1
438,14330376,121103,0
439,14334276,3900,1
440,14455378,121102,0
441,14459278,3900,1
442,14580380,121102,0
443,14584280,3900,1
444,14681800,97520,0
445,14682007,207,1
446,14682087,80,0
447,14682247,160,1
448,14682323,76,0
449,14682406,83,1
450,14682560,154,0
451,14682720,160,1
452,14682796,76,0
453,14682957,161,1
454,14683115,158,0
455,14683276,161,1
456,14683352,76,0
457,14683512,160,1
458,14683588,76,0
459,14683749,161,1
460,14683825,76,0
461,14683985,160,1
462,14684061,76,0
463,14684222,161,1
464,14684298,76,0
465,14684458,160,1
466,14684534,76,0
467,14684695,161,1
468,14684771,76,0
469,14684931,160,1
470,14685090,159,0
471,14685251,161,1
472,14685327,76,0
473,14685487,160,1
474,14685563,76,0
475,14685646,83,1
476,14685800,154,0
477,14685960,160,1
478,14686036,76,0
479,14686197,161,1
480,14686272,75,0
481,14686433,161,1
482,14686509,76,0
483,14686670,161,1
484,14686745,75,0
485,14686906,161,1
486,14687065,159,0
487,14687226,161,1
488,14687301,75,0
489,14687462,161,1
490,14687538,76,0
491,14687699,161,1
492,14687774,75,0
493,14687935,161,1
494,14688011,76,0
495,14688172,161,1
496,14688247,75,0
497,14688408,161,1
498,14688484,76,0
499,14688645,161,1
500,14688720,75,0
501,14688881,161,1
502,14689040,159,0
503,14689201,161,1
504,14689276,75,0
505,14689437,161,1
506,14689513,76,0
507,14689596,83,1
508,14689749,153,0
509,14689910,161,1
510,14689986,76,0
511,14690147,161,1
512,14690222,75,0
513,14690383,161,1
514,14690459,76,0
515,14690620,161,1
516,14690695,75,0
517,14690856,161,1
518,14691015,159,0
519,14691175,160,1
520,14691251,76,0
521,14691412,161,1
522,14691488,76,0
523,14691648,160,1
524,14691724,76,0
525,14691885,161,1
526,14691961,76,0
527,14692121,160,1
528,14692197,76,0
529,14692358,161,1
530,14692434,76,0
531,14692594,160,1
532,14692670,76,0
533,14692831,161,1
534,14692990,159,0
535,14693150,160,1
536,14693226,76,0
537,14693387,161,1
538,14693463,76,0
539,14693545,82,1
540,14693699,154,0
541,14693860,161,1
542,14693936,76,0
543,14694096,160,1
544,14694172,76,0
545,14694333,161,1
546,14694409,76,0
547,14694569,160,1
548,14694645,76,0
549,14694806,161,1
550,14694965,159,0
551,14695125,160,1
552,14695201,76,0
553,14695362,161,1
554,14695438,76,0
555,14695598,160,1
556,14695674,76,0
557,14695835,161,1
558,14695911,76,0
559,14696071,160,1
560,14696147,76,0
561,14696308,161,1
562,14696383,75,0
563,14696544,161,1
564,14696620,76,0
565,14696781,161,1
566,14696939,158,0
567,14697100,161,1
568,14697176,76,0
569,14697337,161,1
570,14697412,75,0
571,14697495,83,1
572,14697649,154,0
573,14697810,161,1
574,14697885,75,0
575,14698046,161,1
576,14698122,76,0
577,14698286,164,1
578,14698358,72,0
579,14698519,161,1
580,14698595,76,0
581,14698756,161,1
582,14698915,159,0
583,14699076,161,1
584,14699152,76,0
585,14699313,161,1
586,14699388,75,0
587,14699549,161,1
588,14699625,76,0
589,14699785,160,1
590,14705382,5597,0
591,14709282,3900,1
592,14806802,97520,0
593,14807009,207,1
594,14807089,80,0
595,14807249,160,1
596,14807325,76,0
597,14807408,83,1
598,14807562,154,0
599,14807722,160,1
600,14807798,76,0
601,14807959,161,1
602,14808117,158,0
603,14808278,161,1
604,14808354,76,0
605,14808514,160,1
606,14808590,76,0
607,14808751,161,1
608,14808827,76,0
609,14808987,160,1
610,14809063,76,0
611,14809224,161,1
612,14809300,76,0
613,14809460,160,1
614,14809536,76,0
615,14809697,161,1
616,14809773,76,0
617,14809933,160,1
618,14810092,159,0
619,14810253,161,1
620,14810329,76,0
621,14810489,160,1
622,14810565,76,0
623,14810648,83,1
624,14810802,154,0
625,14810962,160,1
626,14811038,76,0
627,14811199,161,1
628,14811275,76,0
629,14811435,160,1
630,14811511,76,0
631,14811672,161,1
632,14811748,76,0
633,14811908,160,1
634,14812067,159,0
635,14812228,161,1
636,14812304,76,0
637,14812464,160,1
638,14812540,76,0
639,14812701,161,1
640,14812777,76,0
641,14812937,160,1
642,14813013,76,0
643,14813174,161,1
644,14813250,76,0
645,14813410,160,1
646,14813486,76,0
647,14813647,161,1
648,14813723,76,0
649,14813883,160,1
650,14814042,159,0
651,14814203,161,1
652,14814278,75,0
653,14814439,161,1
654,14814515,76,0
655,14814598,83,1
656,14814751,153,0
657,14814912,161,1
658,14814988,76,0
659,14815149,161,1
660,14815224,75,0
661,14815385,161,1
662,14815461,76,0
663,14815622,161,1
664,14815697,75,0
665,14815858,161,1
666,14816017,159,0
667,14816178,161,1
668,14816253,75,0
669,14816414,161,1
670,14816490,76,0
671,14816651,161,1
672,14816726,75,0
673,14816887,161,1
674,14816963,76,0
675,14817123,160,1
676,14817199,76,0
677,14817360,161,1
678,14817436,76,0
679,14817596,160,1
680,14817672,76,0
681,14817833,161,1
682,14817992,159,0
683,14818152,160,1
684,14818228,76,0
685,14818389,161,1
686,14818465,76,0
687,14818547,82,1
688,14818701,154,0
689,14818862,161,1
690,14818938,76,0
691,14819098,160,1
692,14819174,76,0
693,14819335,161,1
694,14819411,76,0
695,14819571,160,1
696,14819647,76,0
697,14819808,161,1
698,14819967,159,0
699,14820127,160,1
700,14820203,76,0
701,14820364,161,1
702,14820440,76,0
703,14820600,160,1
704,14820676,76,0
705,14820837,161,1
706,14820913,76,0
707,14821073,160,1
708,14821149,76,0
709,14821310,161,1
710,14821386,76,0
711,14821546,160,1
712,14821622,76,0
713,14821783,161,1
714,14821942,159,0
715,14822102,160,1
716,14822178,76,0
717,14822339,161,1
718,14822415,76,0
719,14822497,82,1
720,14822651,154,0
721,14822812,161,1
722,14822888,76,0
723,14823048,160,1
724,14823124,76,0
725,14823285,161,1
726,14823361,76,0
727,14823521,160,1
728,14823597,76,0
729,14823758,161,1
730,14823917,159,0
731,14824078,161,1
732,14824154,76,0
733,14824315,161,1
734,14824390,75,0
735,14824551,161,1
736,14824627,76,0
737,14824788,161,1
738,14830384,5596,0
739,14834284,3900,1
740,14955386,121102,0
741,14959286,3900,1
742,15080388,121102,0
743,15084288,3900,1
744,15205391,121103,0
745,15209291,3900,1
746,15330393,121102,0
747,15334293,3900,1
748,15455395,121102,0
749,15459295,3900,1
750,15580397,121102,0
751,15584297,3900,1
752,15705399,121102,0
753,15709299,3900,1
754,15830401,121102,0
755,15834301,3900,1
756,15955403,121102,0
757,15959303,3900,1
758,15959502,199,0
759,15959705,203,1
760,15959778,73,0
761,15959934,156,1
762,15960014,80,0
763,15960170,156,1
764,15960250,80,0
765,15960406,156,1
766,15960486,80,0
767,15960642,156,1
768,15960723,81,0
769,15960879,156,1
770,15960959,80,0
771,15961115,156,1
772,15961195,80,0
773,15961273,78,1
774,15961430,157,0
775,15961587,157,1
776,15961748,161,0
777,15961906,158,1
778,15961980,74,0
779,15962138,158,1
780,16080406,118268,0
781,16084306,3900,1
782,16205408,121102,0
783,16209308,3900,1
784,16330410,121102,0
785,16334310,3900,1
786,16455412,121102,0
787,16459312,3900,1
788,16580414,121102,0
789,16584314,3900,1
790,16705416,121102,0
791,16709316,3900,1
792,16830418,121102,0
793,16834318,3900,1
794,16955420,121102,0
795,16959320,3900,1
796,17080423,121103,0
797,17084323,3900,1
798,17205425,121102,0
799,17209325,3900,1
800,17330427,121102,0
801,17334327,3900,1
802,17455429,121102,0
803,17459329,3900,1
804,17580431,121102,0
805,17584331,3900,1
806,17705433,121102,0
807,17709333,3900,1
808,17830435,121102,0
809,17834335,3900,1
810,17955438,121103,0
811,17959338,3900,1
812,18080440,121102,0
813,18084340,3900,1
814,18205442,121102,0
815,18209342,3900,1
816,18330444,121102,0
817,18334344,3900,1
818,18455446,121102,0
819,18459346,3900,1
820,18580448,121102,0
821,18584348,3900,1
822,18705450,121102,0
823,18709350,3900,1
824,18830452,121102,0
825,18834352,3900,1
826,18955455,121103,0
827,18959355,3900,1
828,19080457,121102,0
829,19084357,3900,1
830,19205459,121102,0
831,19209359,3900,1
832,19330461,121102,0
833,19334361,3900,1
834,19455463,121102,0
835,19459363,3900,1
836,19580465,121102,0
837,19584365,3900,1
838,19705467,121102,0
839,19709367,3900,1
840,19830470,121103,0
841,19834370,3900,1
842,19955472,121102,0
843,19959372,3900,1
844,20080474,121102,0
845,20084374,3900,1
846,20205476,121102,0
847,20209376,3900,1
848,20330478,121102,0
849,20334378,3900,1
850,20455480,121102,0
851,20459380,3900,1
852,20580482,121102,0
853,20584382,3900,1
854,20705485,121103,0
855,20709385,3900,1
856,20830487,121102,0
857,20834387,3900,1
858,20931907,97520,0
859,20932114,207,1
860,20932193,79,0
861,20932354,161,1
862,20932430,76,0
863,20932513,83,1
864,20932666,153,0
865,20932827,161,1
866,20932903,76,0
867,20933064,161,1
868,20933222,158,0
869,20933383,161,1
870,20933458,75,0
871,20933619,161,1
872,20933695,76,0
873,20933856,161,1
874,20933931,75,0
875,20934092,161,1
876,20934168,76,0
877,20934329,161,1
878,20934404,75,0
879,20934565,161,1
880,20934641,76,0
881,20934802,161,1
882,20934877,75,0
883,20935038,161,1
884,20935197,159,0
885,20935279,82,1
886,20935433,154,0
887,20935594,161,1
888,20935670,76,0
889,20935752,82,1
890,20935906,154,0
891,20936067,161,1
892,20936143,76,0
893,20936303,160,1
894,20936379,76,0
895,20936540,161,1
896,20936616,76,0
897,20936776,160,1
898,20936852,76,0
899,20937013,161,1
900,20937172,159,0
901,20937332,160,1
902,20937408,76,0
903,20937569,161,1
904,20937645,76,0
905,20937805,160,1
906,20937881,76,0
907,20938042,161,1
908,20938118,76,0
909,20938278,160,1
910,20938354,76,0
911,20938515,161,1
912,20938591,76,0
913,20938751,160,1
914,20938827,76,0
915,20938988,161,1
916,20939147,159,0
917,20939229,82,1
918,20939383,154,0
919,20939544,161,1
920,20939620,76,0
921,20939702,82,1
922,20939856,154,0
923,20940017,161,1
924,20940093,76,0
925,20940253,160,1
926,20940329,76,0
927,20940490,161,1
928,20940566,76,0
929,20940726,160,1
930,20940802,76,0
931,20940963,161,1
932,20941122,159,0
933,20941282,160,1
934,20941358,76,0
935,20941519,161,1
936,20941595,76,0
937,20941755,160,1
938,20941831,76,0
939,20941992,161,1
940,20942067,75,0
941,20942228,161,1
942,20942304,76,0
943,20942465,161,1
944,20942540,75,0
945,20942701,161,1
946,20942777,76,0
947,20942938,161,1
948,20943096,158,0
949,20943179,83,1
950,20943333,154,0
951,20943494,161,1
952,20943569,75,0
953,20943652,83,1
954,20943806,154,0
955,20943967,161,1
956,20944042,75,0
957,20944203,161,1
958,20944279,76,0
959,20944439,160,1
960,20944515,76,0
961,20944676,161,1
962,20944752,76,0
963,20944913,161,1
964,20945071,158,0
965,20945232,161,1
966,20945308,76,0
967,20945468,160,1
968,20945544,76,0
969,20945705,161,1
970,20945781,76,0
971,20945941,160,1
972,20946017,76,0
973,20946178,161,1
974,20946254,76,0
975,20946414,160,1
976,20946490,76,0
977,20946651,161,1
978,20946727,76,0
979,20946887,160,1
980,20947046,159,0
981,20947129,83,1
982,20947283,154,0
983,20947443,160,1
984,20947519,76,0
985,20947602,83,1
986,20947756,154,0
987,20947916,160,1
988,20947992,76,0
989,20948153,161,1
990,20948229,76,0
991,20948389,160,1
992,20948465,76,0
993,20948626,161,1
994,20948702,76,0
995,20948862,160,1
996,20949022,160,0
997,20949183,161,1
998,20949260,77,0
999,20949419,159,1
1000,20949495,76,0
1001,20949656,161,1
1002,20949732,76,0
1003,20949892,160,1
1004,20955489,5597,0
1005,20959389,3900,1
1006,21056909,97520,0
1007,21057116,207,1
1008,21057196,80,0
1009,21057356,160,1
1010,21057432,76,0
1011,21057515,83,1
1012,21057669,154,0
1013,21057829,160,1
1014,21057905,76,0
1015,21058066,161,1
1016,21058224,158,0
1017,21058385,161,1
1018,21058461,76,0
1019,21058621,160,1
1020,21058697,76,0
1021,21058858,161,1
1022,21058934,76,0
1023,21059094,160,1
1024,21059170,76,0
1025,21059331,161,1
1026,21059407,76,0
1027,21059567,160,1
1028,21059643,76,0
1029,21059804,161,1
1030,21059879,75,0
1031,21060040,161,1
1032,21060199,159,0
1033,21060282,83,1
1034,21060435,153,0
1035,21060596,161,1
1036,21060672,76,0
1037,21060755,83,1
1038,21060908,153,0
1039,21061069,161,1
1040,21061145,76,0
1041,21061306,161,1
1042,21061381,75,0
1043,21061542,161,1
1044,21061618,76,0
1045,21061779,161,1
1046,21061854,75,0
1047,21062015,161,1
1048,21062174,159,0
1049,21062335,161,1
1050,21062410,75,0
1051,21062571,161,1
1052,21062647,76,0
1053,21062808,161,1
1054,21062883,75,0
1055,21063044,161,1
1056,21063120,76,0
1057,21063281,161,1
1058,21063356,75,0
1059,21063517,161,1
1060,21063593,76,0
1061,21063754,161,1
1062,21063829,75,0
1063,21063990,161,1
1064,21064149,159,0
1065,21064232,83,1
1066,21064385,153,0
1067,21064546,161,1
1068,21064622,76,0
1069,21064704,82,1
1070,21064858,154,0
1071,21065019,161,1
1072,21065095,76,0
1073,21065255,160,1
1074,21065331,76,0
1075,21065492,161,1
1076,21065568,76,0
1077,21065728,160,1
1078,21065804,76,0
1079,21065965,161,1
1080,21066124,159,0
1081,21066284,160,1
1082,21066360,76,0
1083,21066521,161,1
1084,21066597,76,0
1085,21066757,160,1
1086,21066833,76,0
1087,21066994,161,1
1088,21067070,76,0
1089,21067230,160,1
1090,21067306,76,0
1091,21067467,161,1
1092,21067543,76,0
1093,21067703,160,1
1094,21067779,76,0
1095,21067940,161,1
1096,21068099,159,0
1097,21068181,82,1
1098,21068335,154,0
1099,21068496,161,1
1100,21068572,76,0
1101,21068654,82,1
1102,21068808,154,0
1103,21068969,161,1
1104,21069045,76,0
1105,21069205,160,1
1106,21069281,76,0
1107,21069442,161,1
1108,21069517,75,0
1109,21069678,161,1
1110,21069754,76,0
1111,21069915,161,1
1112,21070073,158,0
1113,21070234,161,1
1114,21070310,76,0
1115,21070471,161,1
1116,21070546,75,0
1117,21070707,161,1
1118,21070783,76,0
1119,21070944,161,1
1120,21071019,75,0
1121,21071180,161,1
1122,21071256,76,0
1123,21071417,161,1
1124,21071492,75,0
1125,21071653,161,1
1126,21071729,76,0
1127,21071890,161,1
1128,21072048,158,0
1129,21072131,83,1
1130,21072285,154,0
1131,21072446,161,1
1132,21072521,75,0
1133,21072604,83,1
1134,21072758,154,0
1135,21072918,160,1
1136,21072994,76,0
1137,21073155,161,1
1138,21073231,76,0
1139,21073391,160,1
1140,21073467,76,0
1141,21073628,161,1
1142,21073704,76,0
1143,21073864,160,1
1144,21074024,160,0
1145,21074185,161,1
1146,21074260,75,0
1147,21074421,161,1
1148,21074497,76,0
1149,21074658,161,1
1150,21074734,76,0
1151,21074894,160,1
1152,21080491,5597,0
1153,21084391,3900,1
1154,21205493,121102,0
1155,21209393,3900,1
1156,21330495,121102,0
1157,21334395,3900,1
1158,21455497,121102,0
1159,21459397,3900,1
1160,21580499,121102,0
1161,21584399,3900,1
1162,21681920,97521,0
1163,21682127,207,1
1164,21682206,79,0
1165,21682367,161,1
1166,21682443,76,0
1167,21682525,82,1
1168,21682679,154,0
1169,21682840,161,1
1170,21682916,76,0
1171,21683076,160,1
1172,21683235,159,0
1173,21683395,160,1
1174,21683471,76,0
1175,21683632,161,1
1176,21683708,76,0
1177,21683868,160,1
1178,21683944,76,0
1179,21684105,161,1
1180,21684181,76,0
1181,21684341,160,1
1182,21684417,76,0
1183,21684578,161,1
1184,21684654,76,0
1185,21684814,160,1
1186,21684890,76,0
1187,21685051,161,1
1188,21685210,159,0
1189,21685370,160,1
1190,21685446,76,0
1191,21685607,161,1
1192,21685683,76,0
1193,21685765,82,1
1194,21685919,154,0
1195,21686080,161,1
1196,21686156,76,0
1197,21686316,160,1
1198,21686392,76,0
1199,21686553,161,1
1200,21686629,76,0
1201,21686789,160,1
1202,21686865,76,0
1203,21687026,161,1
1204,21687185,159,0
1205,21687345,160,1
1206,21687421,76,0
1207,21687582,161,1
1208,21687658,76,0
1209,21687818,160,1
1210,21687894,76,0
1211,21688055,161,1
1212,21688130,75,0
1213,21688291,161,1
1214,21688367,76,0
1215,21688528,161,1
1216,21688603,75,0
1217,21688764,161,1
1218,21688840,76,0
1219,21689001,161,1
1220,21689159,158,0
1221,21689320,161,1
1222,21689396,76,0
1223,21689557,161,1
1224,21689632,75,0
1225,21689715,83,1
1226,21689869,154,0
1227,21690030,161,1
1228,21690105,75,0
1229,21690266,161,1
1230,21690342,76,0
1231,21690503,161,1
1232,21690578,75,0
1233,21690739,161,1
1234,21690815,76,0
1235,21690976,161,1
1236,21691134,158,0
1237,21691295,161,1
1238,21691371,76,0
1239,21691532,161,1
1240,21691607,75,0
1241,21691768,161,1
1242,21691844,76,0
1243,21692005,161,1
1244,21692080,75,0
1245,21692241,161,1
1246,21692317,76,0
1247,21692477,160,1
1248,21692553,76,0
1249,21692714,161,1
1250,21692790,76,0
1251,21692950,160,1
1252,21693109,159,0
1253,21693270,161,1
1254,21693346,76,0
1255,21693506,160,1
1256,21693583,77,0
1257,21693665,82,1
1258,21693819,154,0
1259,21693979,160,1
1260,21694055,76,0
1261,21694216,161,1
1262,21694292,76,0
1263,21694452,160,1
1264,21694528,76,0
1265,21694689,161,1
1266,21694765,76,0
1267,21694925,160,1
1268,21695084,159,0
1269,21695245,161,1
1270,21695321,76,0
1271,21695481,160,1
1272,21695557,76,0
1273,21695718,161,1
1274,21695794,76,0
1275,21695954,160,1
1276,21696030,76,0
1277,21696191,161,1
1278,21696267,76,0
1279,21696427,160,1
1280,21696503,76,0
1281,21696664,161,1
1282,21696740,76,0
1283,21696900,160,1
1284,21697059,159,0
1285,21697220,161,1
1286,21697296,76,0
1287,21697456,160,1
1288,21697532,76,0
1289,21697615,83,1
1290,21697769,154,0
1291,21697929,160,1
1292,21698005,76,0
1293,21698166,161,1
1294,21698241,75,0
1295,21698402,161,1
1296,21698478,76,0
1297,21698639,161,1
1298,21698714,75,0
1299,21698875,161,1
1300,21699035,160,0
1301,21699196,161,1
1302,21699271,75,0
1303,21699432,161,1
1304,21699508,76,0
1305,21699669,161,1
1306,21699744,75,0
1307,21699905,161,1
1308,21705502,5597,0
1309,21709402,3900,1
1310,21806922,97520,0
1311,21807129,207,1
1312,21807208,79,0
1313,21807369,161,1
1314,21807445,76,0
1315,21807528,83,1
1316,21807681,153,0
1317,21807842,161,1
1318,21807918,76,0
1319,21808079,161,1
1320,21808237,158,0
1321,21808398,161,1
1322,21808473,75,0
1323,21808634,161,1
1324,21808710,76,0
1325,21808871,161,1
1326,21808946,75,0
1327,21809107,161,1
1328,21809183,76,0
1329,21809343,160,1
1330,21809419,76,0
1331,21809580,161,1
1332,21809656,76,0
1333,21809816,160,1
1334,21809892,76,0
1335,21810053,161,1
1336,21810212,159,0
1337,21810372,160,1
1338,21810448,76,0
1339,21810609,161,1
1340,21810685,76,0
1341,21810767,82,1
1342,21810921,154,0
1343,21811082,161,1
1344,21811158,76,0
1345,21811318,160,1
1346,21811394,76,0
1347,21811555,161,1
1348,21811631,76,0
1349,21811791,160,1
1350,21811867,76,0
1351,21812028,161,1
1352,21812187,159,0
1353,21812347,160,1
1354,21812423,76,0
1355,21812584,161,1
1356,21812660,76,0
1357,21812820,160,1
1358,21812896,76,0
1359,21813057,161,1
1360,21813133,76,0
1361,21813293,160,1
1362,21813369,76,0
1363,21813530,161,1
1364,21813606,76,0
1365,21813766,160,1
1366,21813842,76,0
1367,21814003,161,1
1368,21814162,159,0
1369,21814322,160,1
1370,21814398,76,0
1371,21814559,161,1
1372,21814635,76,0
1373,21814717,82,1
1374,21814871,154,0
1375,21815032,161,1
1376,21815108,76,0
1377,21815268,160,1
1378,21815344,76,0
1379,21815505,161,1
1380,21815581,76,0
1381,21815741,160,1
1382,21815817,76,0
1383,21815978,161,1
1384,21816136,158,0
1385,21816297,161,1
1386,21816373,76,0
1387,21816534,161,1
1388,21816609,75,0
1389,21816770,161,1
1390,21816846,76,0
1391,21817007,161,1
1392,21817082,75,0
1393,21817243,161,1
1394,21817319,76,0
1395,21817480,161,1
1396,21817555,75,0
1397,21817716,161,1
1398,21817792,76,0
1399,21817953,161,1
1400,21818111,158,0
1401,21818274,163,1
1402,21818348,74,0
1403,21818509,161,1
1404,21818585,76,0
1405,21818667,82,1
1406,21818821,154,0
1407,21818981,160,1
1408,21819057,76,0
1409,21819218,161,1
1410,21819294,76,0
1411,21819454,160,1
1412,21819530,76,0
1413,21819691,161,1
1414,21819767,76,0
1415,21819927,160,1
1416,21820086,159,0
1417,21820247,161,1
1418,21820323,76,0
1419,21820483,160,1
1420,21820559,76,0
1421,21820720,161,1
1422,21820796,76,0
1423,21820956,160,1
1424,21821032,76,0
1425,21821193,161,1
1426,21821269,76,0
1427,21821429,160,1
1428,21821505,76,0
1429,21821666,161,1
1430,21821742,76,0
1431,21821902,160,1
1432,21822061,159,0
1433,21822222,161,1
1434,21822298,76,0
1435,21822458,160,1
1436,21822534,76,0
1437,21822617,83,1
1438,21822771,154,0
1439,21822931,160,1
1440,21823007,76,0
1441,21823168,161,1
1442,21823244,76,0
1443,21823404,160,1
1444,21823480,76,0
1445,21823641,161,1
1446,21823717,76,0
1447,21823877,160,1
1448,21824037,160,0
1449,21824198,161,1
1450,21824274,76,0
1451,21824434,160,1
1452,21824510,76,0
1453,21824671,161,1
1454,21824747,76,0
1455,21824907,160,1
1456,21830504,5597,0
1457,21834404,3900,1
1458,21955506,121102,0
1459,21959406,3900,1
1460,22080508,121102,0
1461,22084408,3900,1
1462,22205510,121102,0
1463,22209410,3900,1
1464,22330512,121102,0
1465,22334412,3900,1
1466,22455514,121102,0
1467,22459414,3900,1
1468,22580517,121103,0
1469,22584417,3900,1
1470,22705519,121102,0
1471,22709419,3900,1
1472,22709613,194,0
1473,22709815,202,1
1474,22709889,74,0
1475,22710045,156,1
1476,22710125,80,0
1477,22710281,156,1
1478,22710361,80,0
1479,22710517,156,1
1480,22710597,80,0
1481,22710753,156,1
1482,22710833,80,0
1483,22710989,156,1
1484,22711070,81,0
1485,22711226,156,1
1486,22711306,80,0
1487,22711384,78,1
1488,22711541,157,0
1489,22711619,78,1
1490,22711858,239,0
1491,22712016,158,1
1492,22712090,74,0
1493,22712248,158,1
1494,22830521,118273,0
1495,22834421,3900,1
1496,22955523,121102,0
1497,22959423,3900,1
1498,23080525,121102,0
1499,23084425,3900,1
1500,23205527,121102,0
1501,23209427,3900,1
1502,23330529,121102,0
1503,23334429,3900,1
1504,23455531,121102,0
1505,23459431,3900,1
1506,23580534,121103,0
1507,23584434,3900,1
1508,23705536,121102,0
1509,23709436,3900,1
1510,23830538,121102,0
1511,23834438,3900,1
1512,23955540,121102,0
1513,23959440,3900,1
1514,24080542,121102,0
1515,24084442,3900,1
1516,24205544,121102,0
1517,24209444,3900,1
1518,24330546,121102,0
1519,24334446,3900,1
1520,24455549,121103,0
1521,24459449,3900,1
1522,24580551,121102,0
1523,24584451,3900,1
1524,24705553,121102,0
1525,24709453,3900,1
1526,24830555,121102,0
1527,24834455,3900,1
1528,24955557,121102,0
1529,24959457,3900,1
1530,25080559,121102,0
1531,25084459,3900,1
1532,25205561,121102,0
1533,25209461,3900,1
1534,25330564,121103,0
1535,25334463,3899,1
1536,25455566,121103,0
1537,25459466,3900,1
1538,25580568,121102,0
1539,25584468,3900,1
1540,25705570,121102,0
1541,25709470,3900,1
1542,25830572,121102,0
1543,25834472,3900,1
1544,25955574,121102,0
1545,25959474,3900,1
1546,26080576,121102,0
1547,26084476,3900,1
1548,26205578,121102,0
1549,26209478,3900,1
1550,26330581,121103,0
1551,26334481,3900,1
1552,26455583,121102,0
1553,26459483,3900,1
1554,26580585,121102,0
1555,26584485,3900,1
1556,26705587,121102,0
1557,26709487,3900,1
1558,26830589,121102,0
1559,26834489,3900,1
1560,26932009,97520,0
1561,26932217,208,1
1562,26932296,79,0
1563,26932457,161,1
1564,26932532,75,0
1565,26932615,83,1
1566,26932769,154,0
1567,26932930,161,1
1568,26933005,75,0
1569,26933166,161,1
1570,26933324,158,0
1571,26933485,161,1
1572,26933561,76,0
1573,26933722,161,1
1574,26933797,75,0
1575,26933958,161,1
1576,26934034,76,0
1577,26934195,161,1
1578,26934270,75,0
1579,26934431,161,1
1580,26934507,76,0
1581,26934667,160,1
1582,26934743,76,0
1583,26934904,161,1
1584,26934980,76,0
1585,26935140,160,1
1586,26935299,159,0
1587,26935382,83,1
1588,26935536,154,0
1589,26935696,160,1
1590,26935772,76,0
1591,26935855,83,1
1592,26936009,154,0
1593,26936169,160,1
1594,26936245,76,0
1595,26936406,161,1
1596,26936482,76,0
1597,26936642,160,1
1598,26936718,76,0
1599,26936879,161,1
1600,26936955,76,0
1601,26937115,160,1
1602,26937274,159,0
1603,26937435,161,1
1604,26937511,76,0
1605,26937671,160,1
1606,26937747,76,0
1607,26937908,161,1
1608,26937984,76,0
1609,26938144,160,1
1610,26938220,76,0
1611,26938381,161,1
1612,26938457,76,0
1613,26938617,160,1
1614,26938693,76,0
1615,26938854,161,1
1616,26938930,76,0
1617,26939090,160,1
1618,26939249,159,0
1619,26939332,83,1
1620,26939486,154,0
1621,26939646,160,1
1622,26939722,76,0
1623,26939805,83,1
1624,26939959,154,0
1625,26940119,160,1
1626,26940195,76,0
1627,26940356,161,1
1628,26940432,76,0
1629,26940592,160,1
1630,26940668,76,0
1631,26940829,161,1
1632,26940905,76,0
1633,26941065,160,1
1634,26941224,159,0
1635,26941385,161,1
1636,26941460,75,0
1637,26941621,161,1
1638,26941697,76,0
1639,26941858,161,1
1640,26941933,75,0
1641,26942094,161,1
1642,26942170,76,0
1643,26942331,161,1
1644,26942406,75,0
1645,26942567,161,1
1646,26942643,76,0
1647,26942804,161,1
1648,26942879,75,0
1649,26943040,161,1
1650,26943199,159,0
1651,26943282,83,1
1652,26943435,153,0
1653,26943596,161,1
1654,26943672,76,0
1655,26943755,83,1
1656,26943908,153,0
1657,26944069,161,1
1658,26944145,76,0
1659,26944306,161,1
1660,26944381,75,0
1661,26944542,161,1
1662,26944618,76,0
1663,26944778,160,1
1664,26944854,76,0
1665,26945015,161,1
1666,26945174,159,0
1667,26945334,160,1
1668,26945410,76,0
1669,26945571,161,1
1670,26945647,76,0
1671,26945807,160,1
1672,26945883,76,0
1673,26946044,161,1
1674,26946120,76,0
1675,26946280,160,1
1676,26946356,76,0
1677,26946517,161,1
1678,26946593,76,0
1679,26946753,160,1
1680,26946829,76,0
1681,26946990,161,1
1682,26947149,159,0
1683,26947231,82,1
1684,26947385,154,0
1685,26947546,161,1
1686,26947622,76,0
1687,26947704,82,1
1688,26947858,154,0
1689,26948019,161,1
1690,26948095,76,0
1691,26948255,160,1
1692,26948331,76,0
1693,26948492,161,1
1694,26948568,76,0
1695,26948728,160,1
1696,26948804,76,0
1697,26948965,161,1
1698,26949125,160,0
1699,26949285,160,1
1700,26949361,76,0
1701,26949522,161,1
1702,26949598,76,0
1703,26949758,160,1
1704,26949834,76,0
1705,26949995,161,1
1706,26955591,5596,0
1707,26959491,3900,1
1708,27057012,97521,0
1709,27057219,207,1
1710,27057298,79,0
1711,27057459,161,1
1712,27057535,76,0
1713,27057617,82,1
1714,27057771,154,0
1715,27057932,161,1
1716,27058008,76,0
1717,27058168,160,1
1718,27058327,159,0
1719,27058487,160,1
1720,27058563,76,0
1721,27058724,161,1
1722,27058800,76,0
1723,27058960,160,1
1724,27059036,76,0
1725,27059197,161,1
1726,27059272,75,0
1727,27059433,161,1
1728,27059509,76,0
1729,27059670,161,1
1730,27059745,75,0
1731,27059906,161,1
1732,27059982,76,0
1733,27060143,161,1
1734,27060301,158,0
1735,27060384,83,1
1736,27060538,154,0
1737,27060699,161,1
1738,27060774,75,0
1739,27060857,83,1
1740,27061011,154,0
1741,27061172,161,1
1742,27061247,75,0
1743,27061408,161,1
1744,27061484,76,0
1745,27061645,161,1
1746,27061720,75,0
1747,27061881,161,1
1748,27061957,76,0
1749,27062118,161,1
1750,27062276,158,0
1751,27062437,161,1
1752,27062513,76,0
1753,27062674,161,1
1754,27062749,75,0
1755,27062910,161,1
1756,27062986,76,0
1757,27063146,160,1
1758,27063222,76,0
1759,27063383,161,1
1760,27063459,76,0
1761,27063620,161,1
1762,27063695,75,0
1763,27063856,161,1
1764,27063932,76,0
1765,27064092,160,1
1766,27064251,159,0
1767,27064334,83,1
1768,27064488,154,0
1769,27064648,160,1
1770,27064724,76,0
1771,27064807,83,1
1772,27064961,154,0
1773,27065121,160,1
1774,27065197,76,0
1775,27065358,161,1
1776,27065434,76,0
1777,27065594,160,1
1778,27065670,76,0
1779,27065831,161,1
1780,27065907,76,0
1781,27066067,160,1
1782,27066226,159,0
1783,27066387,161,1
1784,27066463,76,0
1785,27066623,160,1
1786,27066699,76,0
1787,27066860,161,1
1788,27066936,76,0
1789,27067096,160,1
1790,27067172,76,0
1791,27067333,161,1
1792,27067409,76,0
1793,27067569,160,1
1794,27067645,76,0
1795,27067806,161,1
1796,27067882,76,0
1797,27068042,160,1
1798,27068201,159,0
1799,27068286,85,1
1800,27068438,152,0
1801,27068598,160,1
1802,27068674,76,0
1803,27068757,83,1
1804,27068910,153,0
1805,27069071,161,1
1806,27069147,76,0
1807,27069308,161,1
1808,27069383,75,0
1809,27069544,161,1
1810,27069620,76,0
1811,27069781,161,1
1812,27069856,75,0
1813,27070017,161,1
1814,27070176,159,0
1815,27070337,161,1
1816,27070412,75,0
1817,27070573,161,1
1818,27070649,76,0
1819,27070810,161,1
1820,27070885,75,0
1821,27071046,161,1
1822,27071122,76,0
1823,27071283,161,1
1824,27071358,75,0
1825,27071519,161,1
1826,27071595,76,0
1827,27071756,161,1
1828,27071831,75,0
1829,27071992,161,1
1830,27072151,159,0
1831,27072234,83,1
1832,27072387,153,0
1833,27072548,161,1
1834,27072624,76,0
1835,27072706,82,1
1836,27072860,154,0
1837,27073021,161,1
1838,27073097,76,0
1839,27073257,160,1
1840,27073333,76,0
1841,27073494,161,1
1842,27073570,76,0
1843,27073730,160,1
1844,27073806,76,0
1845,27073967,161,1
1846,27074127,160,0
1847,27074287,160,1
1848,27074363,76,0
1849,27074524,161,1
1850,27074600,76,0
1851,27074760,160,1
1852,27074836,76,0
1853,27074997,161,1
1854,27080593,5596,0
1855,27084493,3900,1
1856,27205596,121103,0
1857,27209495,3899,1
1858,27330598,121103,0
1859,27334498,3900,1
1860,27455600,121102,0
1861,27459500,3900,1
1862,27580602,121102,0
1863,27584502,3900,1
1864,27682022,97520,0
1865,27682229,207,1
1866,27682309,80,0
1867,27682469,160,1
1868,27682545,76,0
1869,27682628,83,1
1870,27682782,154,0
1871,27682942,160,1
1872,27683018,76,0
1873,27683179,161,1
1874,27683337,158,0
1875,27683498,161,1
1876,27683574,76,0
1877,27683734,160,1
1878,27683810,76,0
1879,27683971,161,1
1880,27684047,76,0
1881,27684207,160,1
1882,27684283,76,0
1883,27684444,161,1
1884,27684520,76,0
1885,27684680,160,1
1886,27684756,76,0
1887,27684917,161,1
1888,27684993,76,0
1889,27685153,160,1
1890,27685312,159,0
1891,27685473,161,1
1892,27685549,76,0
1893,27685709,160,1
1894,27685785,76,0
1895,27685868,83,1
1896,27686022,154,0
1897,27686182,160,1
1898,27686259,77,0
1899,27686419,160,1
1900,27686495,76,0
1901,27686655,160,1
1902,27686731,76,0
1903,27686892,161,1
1904,27686968,76,0
1905,27687128,160,1
1906,27687287,159,0
1907,27687448,161,1
1908,27687523,75,0
1909,27687684,161,1
1910,27687760,76,0
1911,27687921,161,1
1912,27687996,75,0
1913,27688157,161,1
1914,27688233,76,0
1915,27688394,161,1
1916,27688469,75,0
1917,27688630,161,1
1918,27688706,76,0
1919,27688867,161,1
1920,27688942,75,0
1921,27689103,161,1
1922,27689266,163,0
1923,27689423,157,1
1924,27689498,75,0
1925,27689659,161,1
1926,27689735,76,0
1927,27689818,83,1
1928,27689971,153,0
1929,27690132,161,1
1930,27690208,76,0
1931,27690369,161,1
1932,27690444,75,0
1933,27690605,161,1
1934,27690681,76,0
1935,27690842,161,1
1936,27690917,75,0
1937,27691078,161,1
1938,27691237,159,0
1939,27691398,161,1
1940,27691473,75,0
1941,27691634,161,1
1942,27691710,76,0
1943,27691870,160,1
1944,27691946,76,0
1945,27692107,161,1
1946,27692183,76,0
1947,27692343,160,1
1948,27692419,76,0
1949,27692580,161,1
1950,27692656,76,0
1951,27692816,160,1
1952,27692892,76,0
1953,27693053,161,1
1954,27693212,159,0
1955,27693372,160,1
1956,27693448,76,0
1957,27693609,161,1
1958,27693685,76,0
1959,27693767,82,1
1960,27693921,154,0
1961,27694082,161,1
1962,27694158,76,0
1963,27694318,160,1
1964,27694394,76,0
1965,27694555,161,1
1966,27694631,76,0
1967,27694791,160,1
1968,27694867,76,0
1969,27695028,161,1
1970,27695187,159,0
1971,27695347,160,1
1972,27695423,76,0
1973,27695584,161,1
1974,27695660,76,0
1975,27695820,160,1
1976,27695896,76,0
1977,27696057,161,1
1978,27696133,76,0
1979,27696293,160,1
1980,27696369,76,0
1981,27696530,161,1
1982,27696606,76,0
1983,27696766,160,1
1984,27696842,76,0
1985,27697003,161,1
1986,27697161,158,0
1987,27697322,161,1
1988,27697398,76,0
1989,27697559,161,1
1990,27697634,75,0
1991,27697717,83,1
1992,27697871,154,0
1993,27698032,161,1
1994,27698107,75,0
1995,27698270,163,1
1996,27698344,74,0
1997,27698505,161,1
1998,27698581,76,0
1999,27698741,160,1
2000,27698817,76,0
2001,27698978,161,1
2002,27699137,159,0
2003,27699298,161,1
2004,27699374,76,0
2005,27699535,161,1
2006,27699610,75,0
2007,27699771,161,1
2008,27699847,76,0
2009,27700008,161,1
2010,27705604,5596,0
2011,27709504,3900,1
2012,27807024,97520,0
2013,27807232,208,1
2014,27807311,79,0
2015,27807472,161,1
2016,27807547,75,0
2017,27807630,83,1
2018,27807784,154,0
2019,27807945,161,1
2020,27808020,75,0
2021,27808181,161,1
2022,27808339,158,0
2023,27808500,161,1
2024,27808576,76,0
2025,27808736,160,1
2026,27808812,76,0
2027,27808973,161,1
2028,27809049,76,0
2029,27809209,160,1
2030,27809285,76,0
2031,27809446,161,1
2032,27809522,76,0
2033,27809682,160,1
2034,27809758,76,0
2035,27809919,161,1
2036,27809995,76,0
2037,27810155,160,1
2038,27810314,159,0
2039,27810475,161,1
2040,27810551,76,0
2041,27810711,160,1
2042,27810787,76,0
2043,27810870,83,1
2044,27811024,154,0
2045,27811184,160,1
2046,27811260,76,0
2047,27811421,161,1
2048,27811497,76,0
2049,27811657,160,1
2050,27811733,76,0
2051,27811894,161,1
2052,27811970,76,0
2053,27812130,160,1
2054,27812289,159,0
2055,27812450,161,1
2056,27812526,76,0
2057,27812686,160,1
2058,27812762,76,0
2059,27812923,161,1
2060,27812999,76,0
2061,27813159,160,1
2062,27813235,76,0
2063,27813396,161,1
2064,27813472,76,0
2065,27813632,160,1
2066,27813708,76,0
2067,27813869,161,1
2068,27813945,76,0
2069,27814105,160,1
2070,27814266,161,0
2071,27814425,159,1
2072,27814501,76,0
2073,27814661,160,1
2074,27814737,76,0
2075,27814820,83,1
2076,27814973,153,0
2077,27815134,161,1
2078,27815210,76,0
2079,27815371,161,1
2080,27815446,75,0
2081,27815607,161,1
2082,27815683,76,0
2083,27815844,161,1
2084,27815919,75,0
2085,27816080,161,1
2086,27816239,159,0
2087,27816400,161,1
2088,27816475,75,0
2089,27816636,161,1
2090,27816712,76,0
2091,27816873,161,1
2092,27816948,75,0
2093,27817109,161,1
2094,27817185,76,0
2095,27817346,161,1
2096,27817421,75,0
2097,27817583,162,1
2098,27817658,75,0
2099,27817819,161,1
2100,27817894,75,0
2101,27818055,161,1
2102,27818214,159,0
2103,27818375,161,1
2104,27818450,75,0
2105,27818611,161,1
2106,27818687,76,0
2107,27818769,82,1
2108,27818923,154,0
2109,27819084,161,1
2110,27819160,76,0
2111,27819320,160,1
2112,27819396,76,0
2113,27819557,161,1
2114,27819633,76,0
2115,27819793,160,1
2116,27819869,76,0
2117,27820030,161,1
2118,27820189,159,0
2119,27820349,160,1
2120,27820425,76,0
2121,27820586,161,1
2122,27820662,76,0
2123,27820822,160,1
2124,27820898,76,0
2125,27821059,161,1
2126,27821135,76,0
2127,27821295,160,1
2128,27821371,76,0
2129,27821532,161,1
2130,27821608,76,0
2131,27821768,160,1
2132,27821844,76,0
2133,27822005,161,1
2134,27822164,159,0
2135,27822324,160,1
2136,27822400,76,0
2137,27822561,161,1
2138,27822637,76,0
2139,27822719,82,1
2140,27822873,154,0
2141,27823034,161,1
2142,27823110,76,0
2143,27823270,160,1
2144,27823346,76,0
2145,27823507,161,1
2146,27823583,76,0
2147,27823743,160,1
2148,27823819,76,0
2149,27823980,161,1
2150,27824140,160,0
2151,27824300,160,1
2152,27824376,76,0
2153,27824537,161,1
2154,27824613,76,0
2155,27824773,160,1
2156,27824849,76,0
2157,27825010,161,1
2158,27830606,5596,0
2159,27834506,3900,1
2160,27955608,121102,0
2161,27959508,3900,1
2162,28080610,121102,0
2163,28084510,3900,1
2164,28205613,121103,0
2165,28209513,3900,1
2166,28330615,121102,0
2167,28334515,3900,1
2168,28455617,121102,0
2169,28459517,3900,1
2170,28580619,121102,0
2171,28584519,3900,1
2172,28584714,195,0
2173,28584916,202,1
2174,28584990,74,0
2175,28585146,156,1
2176,28585226,80,0
2177,28585382,156,1
2178,28585462,80,0
2179,28585618,156,1
2180,28585698,80,0
2181,28585854,156,1
2182,28585934,80,0
2183,28586090,156,1
2184,28586170,80,0
2185,28586249,79,1
2186,28586405,156,0
2187,28586561,156,1
2188,28586642,81,0
2189,28586798,156,1
2190,28586959,161,0
2191,28587116,157,1
2192,28587191,75,0
2193,28587348,157,1
2194,28705621,118273,0
2195,28709521,3900,1
2196,28830623,121102,0
2197,28834523,3900,1
2198,28955625,121102,0
2199,28959525,3900,1
2200,29080628,121103,0
2201,29084527,3899,1
2202,29205630,121103,0
2203,29209530,3900,1
2204,29330632,121102,0
2205,29334532,3900,1
2206,29455634,121102,0
2207,29459534,3900,1
2208,29580636,121102,0
2209,29584536,3900,1
2210,29705638,121102,0
2211,29709538,3900,1
2212,29830640,121102,0
2213,29834540,3900,1
2214,29955642,121102,0
2215,29959542,3900,1
2216,30080645,121103,0
2217,30084545,3900,1
2218,30205647,121102,0
2219,30209547,3900,1
2220,30330649,121102,0
2221,30334549,3900,1
2222,30455651,121102,0
2223,30459551,3900,1
2224,30580653,121102,0
2225,30584553,3900,1
2226,30705655,121102,0
2227,30709555,3900,1
2228,30830657,121102,0
2229,30834557,3900,1
2230,30955660,121103,0
2231,30959560,3900,1
2232,31080662,121102,0
2233,31084562,3900,1
2234,31205664,121102,0
2235,31209564,3900,1
2236,31330666,121102,0
2237,31334566,3900,1
2238,31455668,121102,0
2239,31459568,3900,1
2240,31580670,121102,0
2241,31584570,3900,1
2242,31705672,121102,0
2243,31709572,3900,1
2244,31830674,121102,0
2245,31834574,3900,1
2246,31955677,121103,0
2247,31959577,3900,1
2248,32080679,121102,0
2249,32084579,3900,1
2250,32205681,121102,0
2251,32209581,3900,1
2252,32330683,121102,0
2253,32334583,3900,1
2254,32455685,121102,0
2255,32459585,3900,1
2256,32580687,121102,0
2257,32584588,3901,1
2258,32705689,121101,0
2259,32709590,3901,1
2260,32830692,121102,0
2261,32834592,3900,1
2262,32932112,97520,0
2263,32932319,207,1
2264,32932398,79,0
2265,32932559,161,1
2266,32932635,76,0
2267,32932717,82,1
2268,32932871,154,0
2269,32933032,161,1
2270,32933108,76,0
2271,32933268,160,1
2272,32933427,159,0
2273,32933588,161,1
2274,32933663,75,0
2275,32933824,161,1
2276,32933900,76,0
2277,32934060,160,1
2278,32934136,76,0
2279,32934297,161,1
2280,32934373,76,0
2281,32934533,160,1
2282,32934609,76,0
2283,32934770,161,1
2284,32934846,76,0
2285,32935006,160,1
2286,32935082,76,0
2287,32935243,161,1
2288,32935402,159,0
2289,32935484,82,1
2290,32935638,154,0
2291,32935799,161,1
2292,32935875,76,0
2293,32935957,82,1
2294,32936111,154,0
2295,32936272,161,1
2296,32936348,76,0
2297,32936508,160,1
2298,32936584,76,0
2299,32936745,161,1
2300,32936821,76,0
2301,32936981,160,1
2302,32937057,76,0
2303,32937218,161,1
2304,32937377,159,0
2305,32937537,160,1
2306,32937613,76,0
2307,32937774,161,1
2308,32937850,76,0
2309,32938010,160,1
2310,32938086,76,0
2311,32938247,161,1
2312,32938323,76,0
2313,32938483,160,1
2314,32938559,76,0
2315,32938720,161,1
2316,32938796,76,0
2317,32938956,160,1
2318,32939032,76,0
2319,32939193,161,1
2320,32939351,158,0
2321,32939434,83,1
2322,32939588,154,0
2323,32939749,161,1
2324,32939824,75,0
2325,32939907,83,1
2326,32940061,154,0
2327,32940222,161,1
2328,32940297,75,0
2329,32940458,161,1
2330,32940534,76,0
2331,32940695,161,1
2332,32940770,75,0
2333,32940931,161,1
2334,32941007,76,0
2335,32941168,161,1
2336,32941326,158,0
2337,32941487,161,1
2338,32941563,76,0
2339,32941724,161,1
2340,32941799,75,0
2341,32941960,161,1
2342,32942036,76,0
2343,32942197,161,1
2344,32942272,75,0
2345,32942433,161,1
2346,32942509,76,0
2347,32942669,160,1
2348,32942745,76,0
2349,32942906,161,1
2350,32942982,76,0
2351,32943142,160,1
2352,32943301,159,0
2353,32943384,83,1
2354,32943538,154,0
2355,32943698,160,1
2356,32943774,76,0
2357,32943857,83,1
2358,32944011,154,0
2359,32944171,160,1
2360,32944247,76,0
2361,32944408,161,1
2362,32944484,76,0
2363,32944644,160,1
2364,32944720,76,0
2365,32944881,161,1
2366,32944957,76,0
2367,32945117,160,1
2368,32945276,159,0
2369,32945437,161,1
2370,32945513,76,0
2371,32945673,160,1
2372,32945749,76,0
2373,32945910,161,1
2374,32945986,76,0
2375,32946146,160,1
2376,32946222,76,0
2377,32946383,161,1
2378,32946459,76,0
2379,32946619,160,1
2380,32946695,76,0
2381,32946856,161,1
2382,32946932,76,0
2383,32947092,160,1
2384,32947251,159,0
2385,32947334,83,1
2386,32947488,154,0
2387,32947648,160,1
2388,32947724,76,0
2389,32947807,83,1
2390,32947961,154,0
2391,32948121,160,1
2392,32948197,76,0
2393,32948358,161,1
2394,32948434,76,0
2395,32948594,160,1
2396,32948670,76,0
2397,32948831,161,1
2398,32948906,75,0
2399,32949067,161,1
2400,32949227,160,0
2401,32949388,161,1
2402,32949463,75,0
2403,32949624,161,1
2404,32949700,76,0
2405,32949861,161,1
2406,32949936,75,0
2407,32950097,161,1
2408,32955694,5597,0
2409,32959594,3900,1
2410,33057114,97520,0
2411,33057321,207,1
2412,33057400,79,0
2413,33057561,161,1
2414,33057637,76,0
2415,33057720,83,1
2416,33057873,153,0
2417,33058034,161,1
2418,33058110,76,0
2419,33058271,161,1
2420,33058429,158,0
2421,33058590,161,1
2422,33058665,75,0
2423,33058826,161,1
2424,33058902,76,0
2425,33059063,161,1
2426,33059138,75,0
2427,33059299,161,1
2428,33059375,76,0
2429,33059536,161,1
2430,33059611,75,0
2431,33059772,161,1
2432,33059848,76,0
2433,33060009,161,1
2434,33060084,75,0
2435,33060245,161,1
2436,33060404,159,0
2437,33060486,82,1
2438,33060640,154,0
2439,33060801,161,1
2440,33060877,76,0
2441,33060959,82,1
2442,33061113,154,0
2443,33061274,161,1
2444,33061350,76,0
2445,33061510,160,1
2446,33061587,77,0
2447,33061747,160,1
2448,33061823,76,0
2449,33061983,160,1
2450,33062059,76,0
2451,33062220,161,1
2452,33062379,159,0
2453,33062539,160,1
2454,33062615,76,0
2455,33062776,161,1
2456,33062852,76,0
2457,33063012,160,1
2458,33063088,76,0
2459,33063249,161,1
2460,33063325,76,0
2461,33063485,160,1
2462,33063561,76,0
2463,33063722,161,1
2464,33063798,76,0
2465,33063958,160,1
2466,33064034,76,0
2467,33064195,161,1
2468,33064354,159,0
2469,33064436,82,1
2470,33064590,154,0
2471,33064751,161,1
2472,33064827,76,0
2473,33064909,82,1
2474,33065063,154,0
2475,33065224,161,1
2476,33065300,76,0
2477,33065460,160,1
2478,33065536,76,0
2479,33065697,161,1
2480,33065773,76,0
2481,33065933,160,1
2482,33066009,76,0
2483,33066170,161,1
2484,33066329,159,0
2485,33066489,160,1
2486,33066565,76,0
2487,33066726,161,1
2488,33066801,75,0
2489,33066962,161,1
2490,33067038,76,0
2491,33067199,161,1
2492,33067274,75,0
2493,33067435,161,1
2494,33067511,76,0
2495,33067672,161,1
2496,33067747,75,0
2497,33067908,161,1
2498,33067984,76,0
2499,33068145,161,1
2500,33068303,158,0
2501,33068386,83,1
2502,33068540,154,0
2503,33068701,161,1
2504,33068776,75,0
2505,33068859,83,1
2506,33069013,154,0
2507,33069174,161,1
2508,33069249,75,0
2509,33069410,161,1
2510,33069486,76,0
2511,33069647,161,1
2512,33069722,75,0
2513,33069883,161,1
2514,33069959,76,0
2515,33070119,160,1
2516,33070278,159,0
2517,33070439,161,1
2518,33070515,76,0
2519,33070675,160,1
2520,33070751,76,0
2521,33070912,161,1
2522,33070988,76,0
2523,33071148,160,1
2524,33071224,76,0
2525,33071385,161,1
2526,33071461,76,0
2527,33071621,160,1
2528,33071697,76,0
2529,33071858,161,1
2530,33071934,76,0
2531,33072094,160,1
2532,33072253,159,0
2533,33072336,83,1
2534,33072490,154,0
2535,33072650,160,1
2536,33072726,76,0
2537,33072809,83,1
2538,33072963,154,0
2539,33073123,160,1
2540,33073199,76,0
2541,33073360,161,1
2542,33073436,76,0
2543,33073596,160,1
2544,33073672,76,0
2545,33073833,161,1
2546,33073909,76,0
2547,33074069,160,1
2548,33074229,160,0
2549,33074390,161,1
2550,33074466,76,0
2551,33074626,160,1
2552,33074702,76,0
2553,33074863,161,1
2554,33074939,76,0
2555,33075099,160,1
2556,33080696,5597,0
2557,33084596,3900,1
2558,33205698,121102,0
2559,33209598,3900,1
2560,33330700,121102,0
2561,33334600,3900,1
2562,33455702,121102,0
2563,33459602,3900,1
2564,33580704,121102,0
2565,33584604,3900,1
2566,33682125,97521,0
2567,33682332,207,1
2568,33682411,79,0
2569,33682572,161,1
2570,33682648,76,0
2571,33682730,82,1
2572,33682884,154,0
2573,33683045,161,1
2574,33683121,76,0
2575,33683281,160,1
2576,33683440,159,0
2577,33683600,160,1
2578,33683676,76,0
2579,33683837,161,1
2580,33683913,76,0
2581,33684073,160,1
2582,33684149,76,0
2583,33684310,161,1
2584,33684386,76,0
2585,33684546,160,1
2586,33684622,76,0
2587,33684783,161,1
2588,33684858,75,0
2589,33685019,161,1
2590,33685095,76,0
2591,33685256,161,1
2592,33685414,158,0
2593,33685575,161,1
2594,33685651,76,0
2595,33685812,161,1
2596,33685887,75,0
2597,33685970,83,1
2598,33686124,154,0
2599,33686285,161,1
2600,33686360,75,0
2601,33686521,161,1
2602,33686597,76,0
2603,33686758,161,1
2604,33686833,75,0
2605,33686994,161,1
2606,33687070,76,0
2607,33687231,161,1
2608,33687389,158,0
2609,33687550,161,1
2610,33687626,76,0
2611,33687787,161,1
2612,33687862,75,0
2613,33688023,161,1
2614,33688099,76,0
2615,33688260,161,1
2616,33688335,75,0
2617,33688496,161,1
2618,33688572,76,0
2619,33688733,161,1
2620,33688808,75,0
2621,33688969,161,1
2622,33689045,76,0
2623,33689206,161,1
2624,33689364,158,0
2625,33689525,161,1
2626,33689601,76,0
2627,33689762,161,1
2628,33689837,75,0
2629,33689920,83,1
2630,33690074,154,0
2631,33690234,160,1
2632,33690310,76,0
2633,33690471,161,1
2634,33690547,76,0
2635,33690707,160,1
2636,33690783,76,0
2637,33690944,161,1
2638,33691020,76,0
2639,33691180,160,1
2640,33691339,159,0
2641,33691500,161,1
2642,33691576,76,0
2643,33691736,160,1
2644,33691812,76,0
2645,33691973,161,1
2646,33692049,76,0
2647,33692209,160,1
2648,33692285,76,0
2649,33692446,161,1
2650,33692522,76,0
2651,33692682,160,1
2652,33692758,76,0
2653,33692919,161,1
2654,33692995,76,0
2655,33693155,160,1
2656,33693314,159,0
2657,33693475,161,1
2658,33693551,76,0
2659,33693711,160,1
2660,33693787,76,0
2661,33693870,83,1
2662,33694024,154,0
2663,33694184,160,1
2664,33694260,76,0
2665,33694421,161,1
2666,33694497,76,0
2667,33694657,160,1
2668,33694733,76,0
2669,33694894,161,1
2670,33694969,75,0
2671,33695130,161,1
2672,33695289,159,0
2673,33695450,161,1
2674,33695525,75,0
2675,33695686,161,1
2676,33695762,76,0
2677,33695923,161,1
2678,33695998,75,0
2679,33696159,161,1
2680,33696235,76,0
2681,33696396,161,1
2682,33696471,75,0
2683,33696632,161,1
2684,33696708,76,0
2685,33696869,161,1
2686,33696944,75,0
2687,33697105,161,1
2688,33697266,161,0
2689,33697425,159,1
2690,33697500,75,0
2691,33697661,161,1
2692,33697737,76,0
2693,33697820,83,1
2694,33697973,153,0
2695,33698134,161,1
2696,33698210,76,0
2697,33698370,160,1
2698,33698446,76,0
2699,33698607,161,1
2700,33698683,76,0
2701,33698843,160,1
2702,33698919,76,0
2703,33699080,161,1
2704,33699240,160,0
2705,33699400,160,1
2706,33699476,76,0
2707,33699637,161,1
2708,33699713,76,0
2709,33699873,160,1
2710,33699949,76,0
2711,33700110,161,1
2712,33705706,5596,0
2713,33709606,3900,1
2714,33807127,97521,0
2715,33807334,207,1
2716,33807413,79,0
2717,33807574,161,1
2718,33807650,76,0
2719,33807732,82,1
2720,33807886,154,0
2721,33808047,161,1
2722,33808123,76,0
2723,33808286,163,1
2724,33808442,156,0
2725,33808602,160,1
2726,33808678,76,0
2727,33808839,161,1
2728,33808915,76,0
2729,33809075,160,1
2730,33809151,76,0
2731,33809312,161,1
2732,33809388,76,0
2733,33809548,160,1
2734,33809624,76,0
2735,33809785,161,1
2736,33809861,76,0
2737,33810021,160,1
2738,33810097,76,0
2739,33810258,161,1
2740,33810417,159,0
2741,33810577,160,1
2742,33810653,76,0
2743,33810814,161,1
2744,33810890,76,0
2745,33810972,82,1
2746,33811126,154,0
2747,33811287,161,1
2748,33811363,76,0
2749,33811523,160,1
2750,33811599,76,0
2751,33811760,161,1
2752,33811836,76,0
2753,33811996,160,1
2754,33812072,76,0
2755,33812233,161,1
2756,33812391,158,0
2757,33812552,161,1
2758,33812628,76,0
2759,33812789,161,1
2760,33812864,75,0
2761,33813025,161,1
2762,33813101,76,0
2763,33813266,165,1
2764,33813337,71,0
2765,33813498,161,1
2766,33813574,76,0
2767,33813735,161,1
2768,33813810,75,0
2769,33813971,161,1
2770,33814047,76,0
2771,33814208,161,1
2772,33814366,158,0
2773,33814527,161,1
2774,33814603,76,0
2775,33814764,161,1
2776,33814839,75,0
2777,33814922,83,1
2778,33815076,154,0
2779,33815237,161,1
2780,33815312,75,0
2781,33815473,161,1
2782,33815549,76,0
2783,33815710,161,1
2784,33815785,75,0
2785,33815946,161,1
2786,33816022,76,0
2787,33816183,161,1
2788,33816341,158,0
2789,33816502,161,1
2790,33816578,76,0
2791,33816738,160,1
2792,33816814,76,0
2793,33816975,161,1
2794,33817051,76,0
2795,33817211,160,1
2796,33817287,76,0
2797,33817448,161,1
2798,33817524,76,0
2799,33817684,160,1
2800,33817760,76,0
2801,33817921,161,1
2802,33817997,76,0
2803,33818157,160,1
2804,33818316,159,0
2805,33818477,161,1
2806,33818553,76,0
2807,33818713,160,1
2808,33818789,76,0
2809,33818872,83,1
2810,33819026,154,0
2811,33819186,160,1
2812,33819266,80,0
2813,33819423,157,1
2814,33819499,76,0
2815,33819659,160,1
2816,33819735,76,0
2817,33819896,161,1
2818,33819972,76,0
2819,33820132,160,1
2820,33820291,159,0
2821,33820452,161,1
2822,33820528,76,0
2823,33820688,160,1
2824,33820764,76,0
2825,33820925,161,1
2826,33821001,76,0
2827,33821161,160,1
2828,33821237,76,0
2829,33821398,161,1
2830,33821474,76,0
2831,33821634,160,1
2832,33821710,76,0
2833,33821871,161,1
2834,33821947,76,0
2835,33822107,160,1
2836,33822266,159,0
2837,33822427,161,1
2838,33822502,75,0
2839,33822663,161,1
2840,33822739,76,0
2841,33822822,83,1
2842,33822975,153,0
2843,33823136,161,1
2844,33823212,76,0
2845,33823373,161,1
2846,33823448,75,0
2847,33823609,161,1
2848,33823685,76,0
2849,33823846,161,1
2850,33823921,75,0
2851,33824082,161,1
2852,33824242,160,0
2853,33824403,161,1
2854,33824478,75,0
2855,33824639,161,1
2856,33824715,76,0
2857,33824876,161,1
2858,33824951,75,0
2859,33825112,161,1
2860,33830709,5597,0
2861,33834609,3900,1
2862,33955711,121102,0
2863,33959611,3900,1
2864,34080713,121102,0
2865,34084613,3900,1
2866,34205715,121102,0
2867,34209615,3900,1
2868,34330717,121102,0
2869,34334617,3900,1
2870,34455719,121102,0
2871,34459619,3900,1
2872,34580721,121102,0
2873,34584621,3900,1
2874,34705723,121102,0
2875,34709623,3900,1
2876,34830726,121103,0
2877,34834626,3900,1
2878,34955728,121102,0
2879,34959628,3900,1
2880,34959825,197,0
2881,34960027,202,1
2882,34960101,74,0
2883,34960257,156,1
2884,34960337,80,0
2885,34960493,156,1
2886,34960573,80,0
2887,34960729,156,1
2888,34960809,80,0
2889,34960965,156,1
2890,34961045,80,0
2891,34961202,157,1
2892,34961282,80,0
2893,34961360,78,1
2894,34961517,157,0
2895,34961673,156,1
2896,34961753,80,0
2897,34961831,78,1
2898,34962070,239,0
2899,34962228,158,1
2900,34962302,74,0
2901,34962460,158,1
2902,35080730,118270,0
2903,35084630,3900,1
2904,35205732,121102,0
2905,35209632,3900,1
2906,35330734,121102,0
2907,35334634,3900,1
2908,35455736,121102,0
2909,35459636,3900,1
2910,35580738,121102,0
2911,35584638,3900,1
2912,35705741,121103,0
2913,35709641,3900,1
2914,35830743,121102,0
2915,35834643,3900,1
2916,35955745,121102,0
2917,35959645,3900,1
2918,36080747,121102,0
2919,36084647,3900,1
2920,36205749,121102,0
2921,36209649,3900,1
2922,36330751,121102,0
2923,36334651,3900,1
2924,36455753,121102,0
2925,36459653,3900,1
2926,36580755,121102,0
2927,36584655,3900,1
2928,36705758,121103,0
2929,36709658,3900,1
2930,36830760,121102,0
2931,36834660,3900,1
2932,36955762,121102,0
2933,36959662,3900,1
2934,37080764,121102,0
2935,37084664,3900,1
2936,37205766,121102,0
2937,37209666,3900,1
2938,37330768,121102,0
2939,37334668,3900,1
2940,37455770,121102,0
2941,37459670,3900,1
2942,37580773,121103,0
2943,37584672,3899,1
2944,37705775,121103,0
2945,37709675,3900,1
2946,37830777,121102,0
2947,37834677,3900,1
2948,37955779,121102,0
2949,37959679,3900,1
2950,38080781,121102,0
2951,38084681,3900,1
2952,38205783,121102,0
2953,38209683,3900,1
2954,38330785,121102,0
2955,38334685,3900,1
2956,38455787,121102,0
2957,38459687,3900,1
2958,38580790,121103,0
2959,38584690,3900,1
2960,38705792,121102,0
2961,38709692,3900,1
2962,38830794,121102,0
2963,38834694,3900,1
2964,38955796,121102,0
2965,38959696,3900,1
2966,39080798,121102,0
2967,39084698,3900,1
2968,39205800,121102,0
2969,39209700,3900,1
2970,39330802,121102,0
2971,39334702,3900,1
2972,39455804,121102,0
2973,39459704,3900,1
2974,39580807,121103,0
2975,39584707,3900,1
2976,39705809,121102,0
2977,39709709,3900,1
2978,39830811,121102,0
2979,39834711,3900,1
2980,39932231,97520,0
2981,39932438,207,1
2982,39932518,80,0
2983,39932678,160,1
2984,39932754,76,0
2985,39932837,83,1
2986,39932991,154,0
2987,39933151,160,1
2988,39933227,76,0
2989,39933388,161,1
2990,39933546,158,0
2991,39933707,161,1
2992,39933783,76,0
2993,39933943,160,1
2994,39934019,76,0
2995,39934180,161,1
2996,39934256,76,0
2997,39934416,160,1
2998,39934492,76,0
2999,39934653,161,1
3000,39934729,76,0
3001,39934889,160,1
3002,39934965,76,0
3003,39935126,161,1
3004,39935202,76,0
3005,39935362,160,1
3006,39935521,159,0
3007,39935604,83,1
3008,39935758,154,0
3009,39935918,160,1
3010,39935994,76,0
3011,39936077,83,1
3012,39936231,154,0
3013,39936391,160,1
3014,39936467,76,0
3015,39936628,161,1
3016,39936703,75,0
3017,39936864,161,1
3018,39936940,76,0
3019,39937101,161,1
3020,39937176,75,0
3021,39937337,161,1
3022,39937496,159,0
3023,39937657,161,1
3024,39937732,75,0
3025,39937893,161,1
3026,39937969,76,0
3027,39938130,161,1
3028,39938205,75,0
3029,39938366,161,1
3030,39938442,76,0
3031,39938603,161,1
3032,39938678,75,0
3033,39938839,161,1
3034,39938915,76,0
3035,39939076,161,1
3036,39939151,75,0
3037,39939312,161,1
3038,39939471,159,0
3039,39939554,83,1
3040,39939707,153,0
3041,39939868,161,1
3042,39939944,76,0
3043,39940027,83,1
3044,39940180,153,0
3045,39940341,161,1
3046,39940417,76,0
3047,39940578,161,1
3048,39940653,75,0
3049,39940814,161,1
3050,39940890,76,0
3051,39941050,160,1
3052,39941126,76,0
3053,39941287,161,1
3054,39941446,159,0
3055,39941606,160,1
3056,39941682,76,0
3057,39941843,161,1
3058,39941919,76,0
3059,39942079,160,1
3060,39942155,76,0
3061,39942316,161,1
3062,39942392,76,0
3063,39942552,160,1
3064,39942628,76,0
3065,39942789,161,1
3066,39942865,76,0
3067,39943025,160,1
3068,39943101,76,0
3069,39943266,165,1
3070,39943421,155,0
3071,39943503,82,1
3072,39943657,154,0
3073,39943818,161,1
3074,39943894,76,0
3075,39943976,82,1
3076,39944130,154,0
3077,39944291,161,1
3078,39944367,76,0
3079,39944527,160,1
3080,39944603,76,0
3081,39944764,161,1
3082,39944840,76,0
3083,39945000,160,1
3084,39945076,76,0
3085,39945237,161,1
3086,39945396,159,0
3087,39945556,160,1
3088,39945632,76,0
3089,39945793,161,1
3090,39945869,76,0
3091,39946029,160,1
3092,39946105,76,0
3093,39946266,161,1
3094,39946341,75,0
3095,39946502,161,1
3096,39946578,76,0
3097,39946739,161,1
3098,39946814,75,0
3099,39946975,161,1
3100,39947051,76,0
3101,39947212,161,1
3102,39947370,158,0
3103,39947453,83,1
3104,39947607,154,0
3105,39947768,161,1
3106,39947843,75,0
3107,39947926,83,1
3108,39948080,154,0
3109,39948241,161,1
3110,39948316,75,0
3111,39948477,161,1
3112,39948553,76,0
3113,39948714,161,1
3114,39948789,75,0
3115,39948950,161,1
3116,39949026,76,0
3117,39949187,161,1
3118,39949346,159,0
3119,39949507,161,1
3120,39949583,76,0
3121,39949743,160,1
3122,39949819,76,0
3123,39949980,161,1
3124,39950056,76,0
3125,39950216,160,1
3126,39955813,5597,0
3127,39959713,3900,1
3128,40057233,97520,0
3129,40057441,208,1
3130,40057520,79,0
3131,40057680,160,1
3132,40057756,76,0
3133,40057839,83,1
3134,40057993,154,0
3135,40058153,160,1
3136,40058229,76,0
3137,40058390,161,1
3138,40058548,158,0
3139,40058709,161,1
3140,40058785,76,0
3141,40058945,160,1
3142,40059021,76,0
3143,40059182,161,1
3144,40059258,76,0
3145,40059418,160,1
3146,40059494,76,0
3147,40059655,161,1
3148,40059731,76,0
3149,40059891,160,1
3150,40059967,76,0
3151,40060128,161,1
3152,40060204,76,0
3153,40060364,160,1
3154,40060523,159,0
3155,40060606,83,1
3156,40060760,154,0
3157,40060920,160,1
3158,40060996,76,0
3159,40061079,83,1
3160,40061233,154,0
3161,40061393,160,1
3162,40061469,76,0
3163,40061630,161,1
3164,40061706,76,0
3165,40061866,160,1
3166,40061942,76,0
3167,40062103,161,1
3168,40062179,76,0
3169,40062339,160,1
3170,40062498,159,0
3171,40062659,161,1
3172,40062735,76,0
3173,40062895,160,1
3174,40062971,76,0
3175,40063132,161,1
3176,40063208,76,0
3177,40063368,160,1
3178,40063444,76,0
3179,40063605,161,1
3180,40063681,76,0
3181,40063841,160,1
3182,40063917,76,0
3183,40064078,161,1
3184,40064153,75,0
3185,40064314,161,1
3186,40064473,159,0
3187,40064556,83,1
3188,40064709,153,0
3189,40064870,161,1
3190,40064946,76,0
3191,40065029,83,1
3192,40065182,153,0
3193,40065343,161,1
3194,40065419,76,0
3195,40065580,161,1
3196,40065655,75,0
3197,40065816,161,1
3198,40065892,76,0
3199,40066053,161,1
3200,40066128,75,0
3201,40066289,161,1
3202,40066448,159,0
3203,40066609,161,1
3204,40066684,75,0
3205,40066845,161,1
3206,40066921,76,0
3207,40067082,161,1
3208,40067157,75,0
3209,40067318,161,1
3210,40067394,76,0
3211,40067555,161,1
3212,40067630,75,0
3213,40067791,161,1
3214,40067867,76,0
3215,40068027,160,1
3216,40068103,76,0
3217,40068266,163,1
3218,40068423,157,0
3219,40068505,82,1
3220,40068659,154,0
3221,40068820,161,1
3222,40068896,76,0
3223,40068978,82,1
3224,40069132,154,0
3225,40069293,161,1
3226,40069369,76,0
3227,40069529,160,1
3228,40069605,76,0
3229,40069766,161,1
3230,40069842,76,0
3231,40070002,160,1
3232,40070078,76,0
3233,40070239,161,1
3234,40070398,159,0
3235,40070558,160,1
3236,40070634,76,0
3237,40070795,161,1
3238,40070871,76,0
3239,40071031,160,1
3240,40071107,76,0
3241,40071268,161,1
3242,40071344,76,0
3243,40071504,160,1
3244,40071580,76,0
3245,40071741,161,1
3246,40071817,76,0
3247,40071977,160,1
3248,40072053,76,0
3249,40072214,161,1
3250,40072373,159,0
3251,40072455,82,1
3252,40072609,154,0
3253,40072770,161,1
3254,40072846,76,0
3255,40072928,82,1
3256,40073082,154,0
3257,40073243,161,1
3258,40073319,76,0
3259,40073479,160,1
3260,40073555,76,0
3261,40073716,161,1
3262,40073791,75,0
3263,40073952,161,1
3264,40074028,76,0
3265,40074189,161,1
3266,40074348,159,0
3267,40074509,161,1
3268,40074585,76,0
3269,40074746,161,1
3270,40074821,75,0
3271,40074982,161,1
3272,40075058,76,0
3273,40075219,161,1
3274,40080815,5596,0
3275,40084715,3900,1
3276,40205817,121102,0
3277,40209717,3900,1
3278,40330819,121102,0
3279,40334719,3900,1
3280,40455822,121103,0
3281,40459722,3900,1
3282,40580824,121102,0
3283,40584724,3900,1
3284,40682244,97520,0
3285,40682451,207,1
3286,40682530,79,0
3287,40682691,161,1
3288,40682767,76,0
3289,40682850,83,1
3290,40683003,153,0
3291,40683164,161,1
3292,40683240,76,0
3293,40683401,161,1
3294,40683559,158,0
3295,40683720,161,1
3296,40683795,75,0
3297,40683956,161,1
3298,40684032,76,0
3299,40684193,161,1
3300,40684268,75,0
3301,40684429,161,1
3302,40684505,76,0
3303,40684666,161,1
3304,40684741,75,0
3305,40684902,161,1
3306,40684978,76,0
3307,40685139,161,1
3308,40685214,75,0
3309,40685375,161,1
3310,40685534,159,0
3311,40685694,160,1
3312,40685770,76,0
3313,40685931,161,1
3314,40686007,76,0
3315,40686089,82,1
3316,40686243,154,0
3317,40686404,161,1
3318,40686480,76,0
3319,40686640,160,1
3320,40686716,76,0
3321,40686877,161,1
3322,40686953,76,0
3323,40687113,160,1
3324,40687189,76,0
3325,40687350,161,1
3326,40687509,159,0
3327,40687669,160,1
3328,40687745,76,0
3329,40687906,161,1
3330,40687982,76,0
3331,40688142,160,1
3332,40688218,76,0
3333,40688379,161,1
3334,40688455,76,0
3335,40688615,160,1
3336,40688691,76,0
3337,40688852,161,1
3338,40688928,76,0
3339,40689088,160,1
3340,40689164,76,0
3341,40689325,161,1
3342,40689484,159,0
3343,40689644,160,1
3344,40689720,76,0
3345,40689881,161,1
3346,40689957,76,0
3347,40690039,82,1
3348,40690193,154,0
3349,40690354,161,1
3350,40690430,76,0
3351,40690591,161,1
3352,40690666,75,0
3353,40690827,161,1
3354,40690903,76,0
3355,40691063,160,1
3356,40691139,76,0
3357,40691300,161,1
3358,40691459,159,0
3359,40691619,160,1
3360,40691695,76,0
3361,40691856,161,1
3362,40691931,75,0
3363,40692092,161,1
3364,40692168,76,0
3365,40692329,161,1
3366,40692404,75,0
3367,40692565,161,1
3368,40692641,76,0
3369,40692802,161,1
3370,40692877,75,0
3371,40693038,161,1
3372,40693114,76,0
3373,40693275,161,1
3374,40693433,158,0
3375,40693594,161,1
3376,40693670,76,0
3377,40693831,161,1
3378,40693906,75,0
3379,40693989,83,1
3380,40694143,154,0
3381,40694304,161,1
3382,40694379,75,0
3383,40694540,161,1
3384,40694616,76,0
3385,40694777,161,1
3386,40694852,75,0
3387,40695013,161,1
3388,40695089,76,0
3389,40695250,161,1
3390,40695408,158,0
3391,40695569,161,1
3392,40695645,76,0
3393,40695805,160,1
3394,40695881,76,0
3395,40696042,161,1
3396,40696118,76,0
3397,40696278,160,1
3398,40696354,76,0
3399,40696515,161,1
3400,40696591,76,0
3401,40696751,160,1
3402,40696827,76,0
3403,40696988,161,1
3404,40697064,76,0
3405,40697224,160,1
3406,40697383,159,0
3407,40697544,161,1
3408,40697620,76,0
3409,40697780,160,1
3410,40697856,76,0
3411,40697939,83,1
3412,40698093,154,0
3413,40698253,160,1
3414,40698329,76,0
3415,40698490,161,1
3416,40698566,76,0
3417,40698726,160,1
3418,40698802,76,0
3419,40698963,161,1
3420,40699039,76,0
3421,40699199,160,1
3422,40699359,160,0
3423,40699520,161,1
3424,40699596,76,0
3425,40699756,160,1
3426,40699832,76,0
3427,40699993,161,1
3428,40700069,76,0
3429,40700229,160,1
3430,40705826,5597,0
3431,40709726,3900,1
3432,40807246,97520,0
3433,40807453,207,1
3434,40807533,80,0
3435,40807693,160,1
3436,40807769,76,0
3437,40807852,83,1
3438,40808006,154,0
3439,40808166,160,1
3440,40808242,76,0
3441,40808403,161,1
3442,40808561,158,0
3443,40808722,161,1
3444,40808798,76,0
3445,40808958,160,1
3446,40809034,76,0
3447,40809195,161,1
3448,40809271,76,0
3449,40809431,160,1
3450,40809507,76,0
3451,40809668,161,1
3452,40809743,75,0
3453,40809904,161,1
3454,40809980,76,0
3455,40810141,161,1
3456,40810216,75,0
3457,40810377,161,1
3458,40810536,159,0
3459,40810697,161,1
3460,40810772,75,0
3461,40810933,161,1
3462,40811009,76,0
3463,40811092,83,1
3464,40811245,153,0
3465,40811406,161,1
3466,40811482,76,0
3467,40811643,161,1
3468,40811718,75,0
3469,40811879,161,1
3470,40811955,76,0
3471,40812116,161,1
3472,40812191,75,0
3473,40812352,161,1
3474,40812511,159,0
3475,40812672,161,1
3476,40812747,75,0
3477,40812908,161,1
3478,40812984,76,0
3479,40813145,161,1
3480,40813220,75,0
3481,40813381,161,1
3482,40813457,76,0
3483,40813617,160,1
3484,40813693,76,0
3485,40813854,161,1
3486,40813930,76,0
3487,40814090,160,1
3488,40814166,76,0
3489,40814327,161,1
3490,40814486,159,0
3491,40814646,160,1
3492,40814722,76,0
3493,40814883,161,1
3494,40814959,76,0
3495,40815041,82,1
3496,40815195,154,0
3497,40815356,161,1
3498,40815432,76,0
3499,40815593,161,1
3500,40815668,75,0
3501,40815829,161,1
3502,40815905,76,0
3503,40816065,160,1
3504,40816141,76,0
3505,40816302,161,1
3506,40816461,159,0
3507,40816621,160,1
3508,40816697,76,0
3509,40816858,161,1
3510,40816934,76,0
3511,40817094,160,1
3512,40817170,76,0
3513,40817331,161,1
3514,40817407,76,0
3515,40817567,160,1
3516,40817643,76,0
3517,40817804,161,1
3518,40817880,76,0
3519,40818040,160,1
3520,40818116,76,0
3521,40818277,161,1
3522,40818436,159,0
3523,40818596,160,1
3524,40818672,76,0
3525,40818833,161,1
3526,40818909,76,0
3527,40818991,82,1
3528,40819145,154,0
3529,40819306,161,1
3530,40819381,75,0
3531,40819542,161,1
3532,40819618,76,0
3533,40819779,161,1
3534,40819854,75,0
3535,40820015,161,1
3536,40820091,76,0
3537,40820252,161,1
3538,40820410,158,0
3539,40820571,161,1
3540,40820647,76,0
3541,40820808,161,1
3542,40820883,75,0
3543,40821044,161,1
3544,40821120,76,0
3545,40821281,161,1
3546,40821356,75,0
3547,40821517,161,1
3548,40821593,76,0
3549,40821754,161,1
3550,40821829,75,0
3551,40821990,161,1
3552,40822066,76,0
3553,40822227,161,1
3554,40822385,158,0
3555,40822546,161,1
3556,40822622,76,0
3557,40822782,160,1
3558,40822858,76,0
3559,40822941,83,1
3560,40823095,154,0
3561,40823255,160,1
3562,40823331,76,0
3563,40823492,161,1
3564,40823568,76,0
3565,40823728,160,1
3566,40823804,76,0
3567,40823965,161,1
3568,40824041,76,0
3569,40824201,160,1
3570,40824361,160,0
3571,40824522,161,1
3572,40824598,76,0
3573,40824758,160,1
3574,40824834,76,0
3575,40824995,161,1
3576,40825071,76,0
3577,40825231,160,1
3578,40830828,5597,0
3579,40834728,3900,1
3580,40955830,121102,0
3581,40959730,3900,1
3582,41080832,121102,0
3583,41084732,3900,1
3584,41205834,121102,0
3585,41209734,3900,1
3586,41330836,121102,0
3587,41334736,3900,1
3588,41455839,121103,0
3589,41459739,3900,1
3590,41580841,121102,0
3591,41584741,3900,1
3592,41705843,121102,0
3593,41709743,3900,1
3594,41709938,195,0
3595,41710141,203,1
3596,41710214,73,0
3597,41710370,156,1
3598,41710450,80,0
3599,41710606,156,1
3600,41710686,80,0
3601,41710842,156,1
3602,41710922,80,0
3603,41711079,157,1
3604,41711159,80,0
3605,41711315,156,1
3606,41711395,80,0
3607,41711473,78,1
3608,41711630,157,0
3609,41711708,78,1
3610,41711865,157,0
3611,41712021,156,1
3612,41712183,162,0
3613,41712340,157,1
3614,41712414,74,0
3615,41712572,158,1
3616,41830845,118273,0
3617,41834745,3900,1
3618,41955847,121102,0
3619,41959747,3900,1
3620,42080849,121102,0
3621,42084749,3900,1
3622,42205851,121102,0
3623,42209751,3900,1
3624,42330853,121102,0
3625,42334753,3900,1
3626,42455856,121103,0
3627,42459756,3900,1
3628,42580858,121102,0
3629,42584758,3900,1
3630,42705860,121102,0
3631,42709760,3900,1
3632,42830862,121102,0
3633,42834762,3900,1
3634,42955864,121102,0
3635,42959764,3900,1
3636,43080866,121102,0
3637,43084766,3900,1
3638,43205868,121102,0
3639,43209768,3900,1
3640,43330871,121103,0
3641,43334770,3899,1
3642,43455873,121103,0
3643,43459773,3900,1
3644,43580875,121102,0
3645,43584775,3900,1
3646,43705877,121102,0
3647,43709777,3900,1
3648,43830879,121102,0
3649,43834779,3900,1
3650,43955881,121102,0
3651,43959781,3900,1
3652,44080883,121102,0
3653,44084783,3900,1
3654,44205885,121102,0
3655,44209785,3900,1
3656,44330888,121103,0
3657,44334788,3900,1
3658,44455890,121102,0
3659,44459790,3900,1
3660,44580892,121102,0
3661,44584792,3900,1
3662,44705894,121102,0
3663,44709794,3900,1
3664,44830896,121102,0
3665,44834796,3900,1
3666,44955898,121102,0
3667,44959798,3900,1
3668,45080900,121102,0
3669,45084800,3900,1
3670,45205902,121102,0
3671,45209802,3900,1
3672,45330905,121103,0
3673,45334805,3900,1
3674,45455907,121102,0
3675,45459807,3900,1
3676,45580909,121102,0
3677,45584809,3900,1
3678,45705911,121102,0
3679,45709811,3900,1
3680,45830913,121102,0
3681,45834813,3900,1
3682,45932333,97520,0
3683,45932541,208,1
3684,45932620,79,0
3685,45932781,161,1
3686,45932856,75,0
3687,45932939,83,1
3688,45933093,154,0
3689,45933254,161,1
3690,45933329,75,0
3691,45933490,161,1
3692,45933648,158,0
3693,45933809,161,1
3694,45933885,76,0
3695,45934045,160,1
3696,45934121,76,0
3697,45934282,161,1
3698,45934358,76,0
3699,45934518,160,1
3700,45934594,76,0
3701,45934755,161,1
3702,45934831,76,0
3703,45934991,160,1
3704,45935067,76,0
3705,45935228,161,1
3706,45935304,76,0
3707,45935464,160,1
3708,45935623,159,0
3709,45935706,83,1
3710,45935860,154,0
3711,45936020,160,1
3712,45936096,76,0
3713,45936179,83,1
3714,45936333,154,0
3715,45936493,160,1
3716,45936569,76,0
3717,45936730,161,1
3718,45936806,76,0
3719,45936966,160,1
3720,45937042,76,0
3721,45937203,161,1
3722,45937279,76,0
3723,45937439,160,1
3724,45937598,159,0
3725,45937759,161,1
3726,45937835,76,0
3727,45937995,160,1
3728,45938071,76,0
3729,45938232,161,1
3730,45938308,76,0
3731,45938468,160,1
3732,45938544,76,0
3733,45938705,161,1
3734,45938781,76,0
3735,45938941,160,1
3736,45939017,76,0
3737,45939178,161,1
3738,45939254,76,0
3739,45939414,160,1
3740,45939573,159,0
3741,45939656,83,1
3742,45939810,154,0
3743,45939970,160,1
3744,45940046,76,0
3745,45940129,83,1
3746,45940283,154,0
3747,45940443,160,1
3748,45940519,76,0
3749,45940680,161,1
3750,45940756,76,0
3751,45940916,160,1
3752,45940992,76,0
3753,45941153,161,1
3754,45941228,75,0
3755,45941389,161,1
3756,45941548,159,0
3757,45941709,161,1
3758,45941784,75,0
3759,45941945,161,1
3760,45942021,76,0
3761,45942182,161,1
3762,45942257,75,0
3763,45942418,161,1
3764,45942494,76,0
3765,45942655,161,1
3766,45942730,75,0
3767,45942891,161,1
3768,45942967,76,0
3769,45943128,161,1
3770,45943203,75,0
3771,45943364,161,1
3772,45943523,159,0
3773,45943606,83,1
3774,45943759,153,0
3775,45943920,161,1
3776,45943996,76,0
3777,45944078,82,1
3778,45944232,154,0
3779,45944393,161,1
3780,45944469,76,0
3781,45944629,160,1
3782,45944705,76,0
3783,45944866,161,1
3784,45944942,76,0
3785,45945102,160,1
3786,45945178,76,0
3787,45945339,161,1
3788,45945498,159,0
3789,45945658,160,1
3790,45945734,76,0
3791,45945895,161,1
3792,45945971,76,0
3793,45946131,160,1
3794,45946207,76,0
3795,45946368,161,1
3796,45946444,76,0
3797,45946604,160,1
3798,45946680,76,0
3799,45946841,161,1
3800,45946917,76,0
3801,45947077,160,1
3802,45947153,76,0
3803,45947314,161,1
3804,45947473,159,0
3805,45947555,82,1
3806,45947709,154,0
3807,45947870,161,1
3808,45947946,76,0
3809,45948028,82,1
3810,45948182,154,0
3811,45948343,161,1
3812,45948419,76,0
3813,45948579,160,1
3814,45948655,76,0
3815,45948816,161,1
3816,45948892,76,0
3817,45949052,160,1
3818,45949128,76,0
3819,45949289,161,1
3820,45949449,160,0
3821,45949609,160,1
3822,45949685,76,0
3823,45949846,161,1
3824,45949922,76,0
3825,45950082,160,1
3826,45950158,76,0
3827,45950319,161,1
3828,45955915,5596,0
3829,45959815,3900,1
3830,46057336,97521,0
3831,46057543,207,1
3832,46057622,79,0
3833,46057783,161,1
3834,46057859,76,0
3835,46057941,82,1
3836,46058095,154,0
3837,46058256,161,1
3838,46058332,76,0
3839,46058492,160,1
3840,46058651,159,0
3841,46058811,160,1
3842,46058887,76,0
3843,46059048,161,1
3844,46059123,75,0
3845,46059284,161,1
3846,46059360,76,0
3847,46059521,161,1
3848,46059596,75,0
3849,46059757,161,1
3850,46059833,76,0
3851,46059994,161,1
3852,46060069,75,0
3853,46060230,161,1
3854,46060306,76,0
3855,46060467,161,1
3856,46060625,158,0
3857,46060708,83,1
3858,46060862,154,0
3859,46061023,161,1
3860,46061098,75,0
3861,46061181,83,1
3862,46061335,154,0
3863,46061496,161,1
3864,46061571,75,0
3865,46061732,161,1
3866,46061808,76,0
3867,46061969,161,1
3868,46062044,75,0
3869,46062205,161,1
3870,46062281,76,0
3871,46062441,160,1
3872,46062600,159,0
3873,46062761,161,1
3874,46062837,76,0
3875,46062997,160,1
3876,46063073,76,0
3877,46063234,161,1
3878,46063310,76,0
3879,46063470,160,1
3880,46063546,76,0
3881,46063707,161,1
3882,46063783,76,0
3883,46063943,160,1
3884,46064019,76,0
3885,46064180,161,1
3886,46064256,76,0
3887,46064416,160,1
3888,46064575,159,0
3889,46064658,83,1
3890,46064812,154,0
3891,46064972,160,1
3892,46065048,76,0
3893,46065131,83,1
3894,46065285,154,0
3895,46065445,160,1
3896,46065521,76,0
3897,46065682,161,1
3898,46065758,76,0
3899,46065918,160,1
3900,46065994,76,0
3901,46066155,161,1
3902,46066231,76,0
3903,46066391,160,1
3904,46066550,159,0
3905,46066711,161,1
3906,46066787,76,0
3907,46066947,160,1
3908,46067023,76,0
3909,46067184,161,1
3910,46067260,76,0
3911,46067420,160,1
3912,46067496,76,0
3913,46067657,161,1
3914,46067733,76,0
3915,46067893,160,1
3916,46067969,76,0
3917,46068130,161,1
3918,46068206,76,0
3919,46068366,160,1
3920,46068525,159,0
3921,46068608,83,1
3922,46068761,153,0
3923,46068922,161,1
3924,46068998,76,0
3925,46069081,83,1
3926,46069234,153,0
3927,46069395,161,1
3928,46069471,76,0
3929,46069632,161,1
3930,46069707,75,0
3931,46069868,161,1
3932,46069944,76,0
3933,46070105,161,1
3934,46070180,75,0
3935,46070341,161,1
3936,46070500,159,0
3937,46070661,161,1
3938,46070736,75,0
3939,46070897,161,1
3940,46070973,76,0
3941,46071134,161,1
3942,46071209,75,0
3943,46071370,161,1
3944,46071446,76,0
3945,46071607,161,1
3946,46071682,75,0
3947,46071843,161,1
3948,46071919,76,0
3949,46072080,161,1
3950,46072155,75,0
3951,46072316,161,1
3952,46072475,159,0
3953,46072557,82,1
3954,46072711,154,0
3955,46072872,161,1
3956,46072948,76,0
3957,46073030,82,1
3958,46073184,154,0
3959,46073345,161,1
3960,46073421,76,0
3961,46073582,161,1
3962,46073657,75,0
3963,46073818,161,1
3964,46073894,76,0
3965,46074054,160,1
3966,46074130,76,0
3967,46074291,161,1
3968,46074451,160,0
3969,46074611,160,1
3970,46074687,76,0
3971,46074848,161,1
3972,46074924,76,0
3973,46075084,160,1
3974,46075160,76,0
3975,46075321,161,1
3976,46080917,5596,0
3977,46084817,3900,1
3978,46205919,121102,0
3979,46209819,3900,1
3980,46330922,121103,0
3981,46334822,3900,1
3982,46455924,121102,0
3983,46459824,3900,1
3984,46580926,121102,0
3985,46584826,3900,1
3986,46682346,97520,0
3987,46682553,207,1
3988,46682633,80,0
3989,46682793,160,1
3990,46682869,76,0
3991,46682952,83,1
3992,46683106,154,0
3993,46683266,160,1
3994,46683342,76,0
3995,46683503,161,1
3996,46683661,158,0
3997,46683822,161,1
3998,46683898,76,0
3999,46684058,160,1
4000,46684134,76,0
4001,46684295,161,1
4002,46684371,76,0
4003,46684531,160,1
4004,46684607,76,0
4005,46684768,161,1
4006,46684844,76,0
4007,46685004,160,1
4008,46685080,76,0
4009,46685241,161,1
4010,46685317,76,0
4011,46685477,160,1
4012,46685636,159,0
4013,46685797,161,1
4014,46685873,76,0
4015,46686033,160,1
4016,46686109,76,0
4017,46686192,83,1
4018,46686346,154,0
4019,46686506,160,1
4020,46686582,76,0
4021,46686743,161,1
4022,46686818,75,0
4023,46686979,161,1
4024,46687055,76,0
4025,46687216,161,1
4026,46687291,75,0
4027,46687452,161,1
4028,46687611,159,0
4029,46687772,161,1
4030,46687847,75,0
4031,46688008,161,1
4032,46688084,76,0
4033,46688245,161,1
4034,46688320,75,0
4035,46688481,161,1
4036,46688557,76,0
4037,46688718,161,1
4038,46688793,75,0
4039,46688954,161,1
4040,46689030,76,0
4041,46689191,161,1
4042,46689266,75,0
4043,46689427,161,1
4044,46689586,159,0
4045,46689747,161,1
4046,46689822,75,0
4047,46689983,161,1
4048,46690059,76,0
4049,46690142,83,1
4050,46690295,153,0
4051,46690456,161,1
4052,46690532,76,0
4053,46690693,161,1
4054,46690768,75,0
4055,46690929,161,1
4056,46691005,76,0
4057,46691166,161,1
4058,46691241,75,0
4059,46691402,161,1
4060,46691561,159,0
4061,46691721,160,1
4062,46691797,76,0
4063,46691958,161,1
4064,46692034,76,0
4065,46692194,160,1
4066,46692270,76,0
4067,46692431,161,1
4068,46692507,76,0
4069,46692667,160,1
4070,46692743,76,0
4071,46692904,161,1
4072,46692980,76,0
4073,46693140,160,1
4074,46693216,76,0
4075,46693377,161,1
4076,46693536,159,0
4077,46693696,160,1
4078,46693772,76,0
4079,46693933,161,1
4080,46694009,76,0
4081,46694091,82,1
4082,46694245,154,0
4083,46694406,161,1
4084,46694482,76,0
4085,46694642,160,1
4086,46694718,76,0
4087,46694879,161,1
4088,46694955,76,0
4089,46695115,160,1
4090,46695191,76,0
4091,46695352,161,1
4092,46695511,159,0
4093,46695671,160,1
4094,46695747,76,0
4095,46695908,161,1
4096,46695984,76,0
4097,46696144,160,1
4098,46696220,76,0
4099,46696381,161,1
4100,46696456,75,0
4101,46696617,161,1
4102,46696693,76,0
4103,46696854,161,1
4104,46696929,75,0
4105,46697090,161,1
4106,46697166,76,0
4107,46697327,161,1
4108,46697485,158,0
4109,46697646,161,1
4110,46697722,76,0
4111,46697883,161,1
4112,46697958,75,0
4113,46698041,83,1
4114,46698195,154,0
4115,46698356,161,1
4116,46698431,75,0
4117,46698592,161,1
4118,46698668,76,0
4119,46698829,161,1
4120,46698904,75,0
4121,46699065,161,1
4122,46699141,76,0
4123,46699302,161,1
4124,46699461,159,0
4125,46699622,161,1
4126,46699698,76,0
4127,46699859,161,1
4128,46699934,75,0
4129,46700095,161,1
4130,46700171,76,0
4131,46700331,160,1
4132,46705928,5597,0
4133,46709828,3900,1
4134,46807348,97520,0
4135,46807555,207,1
4136,46807635,80,0
4137,46807795,160,1
4138,46807871,76,0
4139,46807954,83,1
4140,46808108,154,0
4141,46808270,162,1
4142,46808344,74,0
4143,46808505,161,1
4144,46808663,158,0
4145,46808824,161,1
4146,46808900,76,0
4147,46809060,160,1
4148,46809136,76,0
4149,46809297,161,1
4150,46809373,76,0
4151,46809533,160,1
4152,46809609,76,0
4153,46809770,161,1
4154,46809846,76,0
4155,46810006,160,1
4156,46810082,76,0
4157,46810243,161,1
4158,46810319,76,0
4159,46810479,160,1
4160,46810638,159,0
4161,46810799,161,1
4162,46810875,76,0
4163,46811035,160,1
4164,46811111,76,0
4165,46811194,83,1
4166,46811348,154,0
4167,46811508,160,1
4168,46811584,76,0
4169,46811745,161,1
4170,46811821,76,0
4171,46811981,160,1
4172,46812057,76,0
4173,46812218,161,1
4174,46812294,76,0
4175,46812454,160,1
4176,46812613,159,0
4177,46812774,161,1
4178,46812850,76,0
4179,46813010,160,1
4180,46813086,76,0
4181,46813247,161,1
4182,46813323,76,0
4183,46813483,160,1
4184,46813559,76,0
4185,46813720,161,1
4186,46813796,76,0
4187,46813956,160,1
4188,46814032,76,0
4189,46814193,161,1
4190,46814268,75,0
4191,46814429,161,1
4192,46814588,159,0
4193,46814749,161,1
4194,46814824,75,0
4195,46814985,161,1
4196,46815061,76,0
4197,46815144,83,1
4198,46815297,153,0
4199,46815458,161,1
4200,46815534,76,0
4201,46815695,161,1
4202,46815770,75,0
4203,46815931,161,1
4204,46816007,76,0
4205,46816168,161,1
4206,46816243,75,0
4207,46816404,161,1
4208,46816563,159,0
4209,46816724,161,1
4210,46816799,75,0
4211,46816960,161,1
4212,46817036,76,0
4213,46817197,161,1
4214,46817272,75,0
4215,46817433,161,1
4216,46817509,76,0
4217,46817670,161,1
4218,46817745,75,0
4219,46817906,161,1
4220,46817982,76,0
4221,46818142,160,1
4222,46818218,76,0
4223,46818379,161,1
4224,46818538,159,0
4225,46818698,160,1
4226,46818774,76,0
4227,46818935,161,1
4228,46819011,76,0
4229,46819093,82,1
4230,46819247,154,0
4231,46819408,161,1
4232,46819484,76,0
4233,46819644,160,1
4234,46819720,76,0
4235,46819881,161,1
4236,46819957,76,0
4237,46820117,160,1
4238,46820193,76,0
4239,46820354,161,1
4240,46820513,159,0
4241,46820673,160,1
4242,46820749,76,0
4243,46820910,161,1
4244,46820986,76,0
4245,46821146,160,1
4246,46821222,76,0
4247,46821383,161,1
4248,46821459,76,0
4249,46821619,160,1
4250,46821695,76,0
4251,46821856,161,1
4252,46821932,76,0
4253,46822092,160,1
4254,46822168,76,0
4255,46822329,161,1
4256,46822488,159,0
4257,46822648,160,1
4258,46822724,76,0
4259,46822885,161,1
4260,46822961,76,0
4261,46823043,82,1
4262,46823197,154,0
4263,46823358,161,1
4264,46823434,76,0
4265,46823594,160,1
4266,46823670,76,0
4267,46823831,161,1
4268,46823907,76,0
4269,46824067,160,1
4270,46824143,76,0
4271,46824304,161,1
4272,46824463,159,0
4273,46824624,161,1
4274,46824700,76,0
4275,46824861,161,1
4276,46824936,75,0
4277,46825097,161,1
4278,46825173,76,0
4279,46825334,161,1
4280,46830930,5596,0
4281,46834830,3900,1
4282,46955932,121102,0
4283,46959832,3900,1
4284,47080934,121102,0
4285,47084834,3900,1
4286,47205937,121103,0
4287,47209836,3899,1
4288,47330939,121103,0
4289,47334839,3900,1
4290,47455941,121102,0
4291,47459841,3900,1
4292,47580943,121102,0
4293,47584843,3900,1
4294,47585037,194,0
4295,47585240,203,1
4296,47585313,73,0
4297,47585469,156,1
4298,47585549,80,0
4299,47585705,156,1
4300,47585785,80,0
4301,47585941,156,1
4302,47586022,81,0
4303,47586178,156,1
4304,47586258,80,0
4305,47586414,156,1
4306,47586494,80,0
4307,47586572,78,1
4308,47586729,157,0
4309,47586807,78,1
4310,47586964,157,0
4311,47587042,78,1
4312,47587280,238,0
4313,47587438,158,1
4314,47587512,74,0
4315,47587670,158,1
4316,47705945,118275,0
4317,47709845,3900,1
4318,47830947,121102,0
4319,47834847,3900,1
4320,47955949,121102,0
4321,47959849,3900,1
4322,48080951,121102,0
4323,48084851,3900,1
4324,48205954,121103,0
4325,48209854,3900,1
4326,48330956,121102,0
4327,48334856,3900,1
4328,48455958,121102,0
4329,48459858,3900,1
4330,48580960,121102,0
4331,48584860,3900,1
4332,48705962,121102,0
4333,48709862,3900,1
4334,48830964,121102,0
4335,48834864,3900,1
4336,48955966,121102,0
4337,48959866,3900,1
4338,49080968,121102,0
4339,49084868,3900,1
4340,49205971,121103,0
4341,49209871,3900,1
4342,49330973,121102,0
4343,49334873,3900,1
4344,49455975,121102,0
4345,49459875,3900,1
4346,49580977,121102,0
4347,49584877,3900,1
4348,49705979,121102,0
4349,49709879,3900,1
4350,49830981,121102,0
4351,49834881,3900,1
4352,49955983,121102,0
4353,49959883,3900,1
4354,50080986,121103,0
4355,50084885,3899,1
4356,50205988,121103,0
4357,50209888,3900,1
4358,50330990,121102,0
4359,50334890,3900,1
4360,50455992,121102,0
4361,50459892,3900,1
4362,50580994,121102,0
4363,50584894,3900,1
4364,50705996,121102,0
4365,50709896,3900,1
4366,50830998,121102,0
4367,50834898,3900,1
4368,50956000,121102,0
4369,50959900,3900,1
4370,51081003,121103,0
4371,51084903,3900,1
4372,51206005,121102,0
4373,51209905,3900,1
4374,51331007,121102,0
4375,51334907,3900,1
4376,51456009,121102,0
4377,51459909,3900,1
4378,51581011,121102,0
4379,51584911,3900,1
4380,51706013,121102,0
4381,51709913,3900,1
4382,51831015,121102,0
4383,51834915,3900,1
4384,51932436,97521,0
4385,51932643,207,1
4386,51932722,79,0
4387,51932883,161,1
4388,51932959,76,0
4389,51933041,82,1
4390,51933195,154,0
4391,51933356,161,1
4392,51933432,76,0
4393,51933592,160,1
4394,51933751,159,0
4395,51933911,160,1
4396,51933987,76,0
4397,51934148,161,1
4398,51934224,76,0
4399,51934384,160,1
4400,51934460,76,0
4401,51934621,161,1
4402,51934697,76,0
4403,51934857,160,1
4404,51934933,76,0
4405,51935094,161,1
4406,51935170,76,0
4407,51935330,160,1
4408,51935406,76,0
4409,51935567,161,1
4410,51935726,159,0
4411,51935808,82,1
4412,51935962,154,0
4413,51936123,161,1
4414,51936198,75,0
4415,51936281,83,1
4416,51936435,154,0
4417,51936596,161,1
4418,51936671,75,0
4419,51936832,161,1
4420,51936908,76,0
4421,51937069,161,1
4422,51937144,75,0
4423,51937305,161,1
4424,51937381,76,0
4425,51937542,161,1
4426,51937700,158,0
4427,51937861,161,1
4428,51937937,76,0
4429,51938098,161,1
4430,51938173,75,0
4431,51938334,161,1
4432,51938410,76,0
4433,51938571,161,1
4434,51938646,75,0
4435,51938807,161,1
4436,51938883,76,0
4437,51939044,161,1
4438,51939119,75,0
4439,51939280,161,1
4440,51939356,76,0
4441,51939517,161,1
4442,51939675,158,0
4443,51939758,83,1
4444,51939912,154,0
4445,51940072,160,1
4446,51940148,76,0
4447,51940231,83,1
4448,51940385,154,0
4449,51940545,160,1
4450,51940621,76,0
4451,51940782,161,1
4452,51940858,76,0
4453,51941018,160,1
4454,51941094,76,0
4455,51941255,161,1
4456,51941331,76,0
4457,51941491,160,1
4458,51941650,159,0
4459,51941811,161,1
4460,51941887,76,0
4461,51942047,160,1
4462,51942123,76,0
4463,51942284,161,1
4464,51942360,76,0
4465,51942520,160,1
4466,51942596,76,0
4467,51942757,161,1
4468,51942833,76,0
4469,51942993,160,1
4470,51943069,76,0
4471,51943230,161,1
4472,51943306,76,0
4473,51943466,160,1
4474,51943625,159,0
4475,51943708,83,1
4476,51943862,154,0
4477,51944022,160,1
4478,51944098,76,0
4479,51944181,83,1
4480,51944335,154,0
4481,51944495,160,1
4482,51944571,76,0
4483,51944732,161,1
4484,51944808,76,0
4485,51944968,160,1
4486,51945044,76,0
4487,51945205,161,1
4488,51945281,76,0
4489,51945441,160,1
4490,51945600,159,0
4491,51945761,161,1
4492,51945836,75,0
4493,51945997,161,1
4494,51946073,76,0
4495,51946234,161,1
4496,51946309,75,0
4497,51946470,161,1
4498,51946546,76,0
4499,51946707,161,1
4500,51946782,75,0
4501,51946943,161,1
4502,51947019,76,0
4503,51947180,161,1
4504,51947255,75,0
4505,51947416,161,1
4506,51947575,159,0
4507,51947658,83,1
4508,51947811,153,0
4509,51947972,161,1
4510,51948048,76,0
4511,51948131,83,1
4512,51948286,155,0
4513,51948445,159,1
4514,51948521,76,0
4515,51948681,160,1
4516,51948757,76,0
4517,51948918,161,1
4518,51948994,76,0
4519,51949155,161,1
4520,51949230,75,0
4521,51949391,161,1
4522,51949551,160,0
4523,51949711,160,1
4524,51949787,76,0
4525,51949948,161,1
4526,51950024,76,0
4527,51950184,160,1
4528,51950260,76,0
4529,51950421,161,1
4530,51956017,5596,0
4531,51959917,3900,1
4532,52057438,97521,0
4533,52057645,207,1
4534,52057724,79,0
4535,52057885,161,1
4536,52057961,76,0
4537,52058043,82,1
4538,52058197,154,0
4539,52058358,161,1
4540,52058434,76,0
4541,52058594,160,1
4542,52058753,159,0
4543,52058913,160,1
4544,52058989,76,0
4545,52059150,161,1
4546,52059226,76,0
4547,52059386,160,1
4548,52059462,76,0
4549,52059623,161,1
4550,52059699,76,0
4551,52059859,160,1
4552,52059935,76,0
4553,52060096,161,1
4554,52060172,76,0
4555,52060332,160,1
4556,52060408,76,0
4557,52060569,161,1
4558,52060728,159,0
4559,52060810,82,1
4560,52060964,154,0
4561,52061125,161,1
4562,52061201,76,0
4563,52061283,82,1
4564,52061437,154,0
4565,52061598,161,1
4566,52061674,76,0
4567,52061834,160,1
4568,52061910,76,0
4569,52062071,161,1
4570,52062147,76,0
4571,52062307,160,1
4572,52062383,76,0
4573,52062544,161,1
4574,52062703,159,0
4575,52062863,160,1
4576,52062939,76,0
4577,52063100,161,1
4578,52063176,76,0
4579,52063336,160,1
4580,52063412,76,0
4581,52063573,161,1
4582,52063648,75,0
4583,52063809,161,1
4584,52063885,76,0
4585,52064046,161,1
4586,52064121,75,0
4587,52064282,161,1
4588,52064358,76,0
4589,52064519,161,1
4590,52064677,158,0
4591,52064760,83,1
4592,52064914,154,0
4593,52065075,161,1
4594,52065150,75,0
4595,52065233,83,1
4596,52065387,154,0
4597,52065548,161,1
4598,52065623,75,0
4599,52065784,161,1
4600,52065860,76,0
4601,52066021,161,1
4602,52066096,75,0
4603,52066257,161,1
4604,52066333,76,0
4605,52066494,161,1
4606,52066652,158,0
4607,52066813,161,1
4608,52066889,76,0
4609,52067050,161,1
4610,52067125,75,0
4611,52067286,161,1
4612,52067362,76,0
4613,52067522,160,1
4614,52067598,76,0
4615,52067759,161,1
4616,52067835,76,0
4617,52067995,160,1
4618,52068071,76,0
4619,52068232,161,1
4620,52068308,76,0
4621,52068468,160,1
4622,52068627,159,0
4623,52068710,83,1
4624,52068864,154,0
4625,52069024,160,1
4626,52069100,76,0
4627,52069183,83,1
4628,52069337,154,0
4629,52069497,160,1
4630,52069573,76,0
4631,52069734,161,1
4632,52069810,76,0
4633,52069970,160,1
4634,52070046,76,0
4635,52070207,161,1
4636,52070283,76,0
4637,52070443,160,1
4638,52070602,159,0
4639,52070763,161,1
4640,52070839,76,0
4641,52070999,160,1
4642,52071075,76,0
4643,52071236,161,1
4644,52071312,76,0
4645,52071472,160,1
4646,52071548,76,0
4647,52071709,161,1
4648,52071785,76,0
4649,52071945,160,1
4650,52072021,76,0
4651,52072182,161,1
4652,52072258,76,0
4653,52072418,160,1
4654,52072577,159,0
4655,52072660,83,1
4656,52072814,154,0
4657,52072974,160,1
4658,52073050,76,0
4659,52073133,83,1
4660,52073286,153,0
4661,52073447,161,1
4662,52073523,76,0
4663,52073684,161,1
4664,52073759,75,0
4665,52073920,161,1
4666,52073996,76,0
4667,52074157,161,1
4668,52074232,75,0
4669,52074393,161,1
4670,52074553,160,0
4671,52074714,161,1
4672,52074789,75,0
4673,52074950,161,1
4674,52075026,76,0
4675,52075187,161,1
4676,52075266,79,0
4677,52075423,157,1
4678,52081020,5597,0
4679,52084920,3900,1
4680,52206022,121102,0
4681,52209922,3900,1
4682,52331024,121102,0
4683,52334924,3900,1
4684,52456026,121102,0
4685,52459926,3900,1
4686,52581028,121102,0
4687,52584928,3900,1
4688,52682448,97520,0
4689,52682656,208,1
4690,52682735,79,0
4691,52682896,161,1
4692,52682971,75,0
4693,52683054,83,1
4694,52683208,154,0
4695,52683369,161,1
4696,52683444,75,0
4697,52683605,161,1
4698,52683763,158,0
4699,52683924,161,1
4700,52684000,76,0
4701,52684161,161,1
4702,52684236,75,0
4703,52684397,161,1
4704,52684473,76,0
4705,52684634,161,1
4706,52684709,75,0
4707,52684870,161,1
4708,52684946,76,0
4709,52685106,160,1
4710,52685182,76,0
4711,52685343,161,1
4712,52685419,76,0
4713,52685580,161,1
4714,52685738,158,0
4715,52685899,161,1
4716,52685975,76,0
4717,52686135,160,1
4718,52686211,76,0
4719,52686294,83,1
4720,52686448,154,0
4721,52686608,160,1
4722,52686684,76,0
4723,52686845,161,1
4724,52686921,76,0
4725,52687081,160,1
4726,52687157,76,0
4727,52687318,161,1
4728,52687394,76,0
4729,52687554,160,1
4730,52687713,159,0
4731,52687874,161,1
4732,52687950,76,0
4733,52688110,160,1
4734,52688186,76,0
4735,52688347,161,1
4736,52688423,76,0
4737,52688583,160,1
4738,52688659,76,0
4739,52688820,161,1
4740,52688896,76,0
4741,52689056,160,1
4742,52689132,76,0
4743,52689293,161,1
4744,52689369,76,0
4745,52689529,160,1
4746,52689688,159,0
4747,52689849,161,1
4748,52689925,76,0
4749,52690085,160,1
4750,52690161,76,0
4751,52690244,83,1
4752,52690398,154,0
4753,52690558,160,1
4754,52690634,76,0
4755,52690795,161,1
4756,52690871,76,0
4757,52691031,160,1
4758,52691107,76,0
4759,52691268,161,1
4760,52691343,75,0
4761,52691504,161,1
4762,52691663,159,0
4763,52691824,161,1
4764,52691899,75,0
4765,52692060,161,1
4766,52692136,76,0
4767,52692297,161,1
4768,52692372,75,0
4769,52692533,161,1
4770,52692609,76,0
4771,52692770,161,1
4772,52692845,75,0
4773,52693006,161,1
4774,52693082,76,0
4775,52693243,161,1
4776,52693318,75,0
4777,52693479,161,1
4778,52693638,159,0
4779,52693799,161,1
4780,52693874,75,0
4781,52694035,161,1
4782,52694111,76,0
4783,52694194,83,1
4784,52694347,153,0
4785,52694508,161,1
4786,52694584,76,0
4787,52694745,161,1
4788,52694820,75,0
4789,52694981,161,1
4790,52695057,76,0
4791,52695217,160,1
4792,52695293,76,0
4793,52695454,161,1
4794,52695613,159,0
4795,52695773,160,1
4796,52695849,76,0
4797,52696010,161,1
4798,52696086,76,0
4799,52696246,160,1
4800,52696322,76,0
4801,52696483,161,1
4802,52696559,76,0
4803,52696719,160,1
4804,52696795,76,0
4805,52696956,161,1
4806,52697032,76,0
4807,52697192,160,1
4808,52697268,76,0
4809,52697429,161,1
4810,52697588,159,0
4811,52697748,160,1
4812,52697824,76,0
4813,52697985,161,1
4814,52698061,76,0
4815,52698143,82,1
4816,52698297,154,0
4817,52698458,161,1
4818,52698534,76,0
4819,52698694,160,1
4820,52698770,76,0
4821,52698931,161,1
4822,52699007,76,0
4823,52699167,160,1
4824,52699243,76,0
4825,52699404,161,1
4826,52699564,160,0
4827,52699724,160,1
4828,52699800,76,0
4829,52699961,161,1
4830,52700037,76,0
4831,52700197,160,1
4832,52700273,76,0
4833,52700434,161,1
4834,52706030,5596,0
4835,52709930,3900,1
4836,52807451,97521,0
4837,52807658,207,1
4838,52807737,79,0
4839,52807898,161,1
4840,52807974,76,0
4841,52808056,82,1
4842,52808210,154,0
4843,52808371,161,1
4844,52808447,76,0
4845,52808607,160,1
4846,52808766,159,0
4847,52808926,160,1
4848,52809002,76,0
4849,52809163,161,1
4850,52809238,75,0
4851,52809399,161,1
4852,52809475,76,0
4853,52809636,161,1
4854,52809711,75,0
4855,52809872,161,1
4856,52809948,76,0
4857,52810109,161,1
4858,52810184,75,0
4859,52810345,161,1
4860,52810421,76,0
4861,52810582,161,1
4862,52810740,158,0
4863,52810901,161,1
4864,52810977,76,0
4865,52811138,161,1
4866,52811213,75,0
4867,52811296,83,1
4868,52811450,154,0
4869,52811611,161,1
4870,52811686,75,0
4871,52811847,161,1
4872,52811923,76,0
4873,52812083,160,1
4874,52812159,76,0
4875,52812320,161,1
4876,52812396,76,0
4877,52812556,160,1
4878,52812715,159,0
4879,52812876,161,1
4880,52812952,76,0
4881,52813112,160,1
4882,52813188,76,0
4883,52813349,161,1
4884,52813425,76,0
4885,52813586,161,1
4886,52813661,75,0
4887,52813822,161,1
4888,52813898,76,0
4889,52814058,160,1
4890,52814134,76,0
4891,52814295,161,1
4892,52814371,76,0
4893,52814531,160,1
4894,52814690,159,0
4895,52814851,161,1
4896,52814927,76,0
4897,52815087,160,1
4898,52815163,76,0
4899,52815246,83,1
4900,52815400,154,0
4901,52815560,160,1
4902,52815636,76,0
4903,52815797,161,1
4904,52815873,76,0
4905,52816033,160,1
4906,52816109,76,0
4907,52816270,161,1
4908,52816346,76,0
4909,52816506,160,1
4910,52816665,159,0
4911,52816826,161,1
4912,52816902,76,0
4913,52817062,160,1
4914,52817138,76,0
4915,52817299,161,1
4916,52817375,76,0
4917,52817535,160,1
4918,52817611,76,0
4919,52817772,161,1
4920,52817848,76,0
4921,52818008,160,1
4922,52818084,76,0
4923,52818245,161,1
4924,52818321,76,0
4925,52818481,160,1
4926,52818640,159,0
4927,52818801,161,1
4928,52818876,75,0
4929,52819037,161,1
4930,52819113,76,0
4931,52819196,83,1
4932,52819349,153,0
4933,52819510,161,1
4934,52819587,77,0
4935,52819747,160,1
4936,52819822,75,0
4937,52819983,161,1
4938,52820059,76,0
4939,52820220,161,1
4940,52820295,75,0
4941,52820456,161,1
4942,52820615,159,0
4943,52820776,161,1
4944,52820851,75,0
4945,52821012,161,1
4946,52821088,76,0
4947,52821249,161,1
4948,52821324,75,0
4949,52821485,161,1
4950,52821561,76,0
4951,52821722,161,1
4952,52821797,75,0
4953,52821958,161,1
4954,52822034,76,0
4955,52822194,160,1
4956,52822270,76,0
4957,52822431,161,1
4958,52822590,159,0
4959,52822750,160,1
4960,52822826,76,0
4961,52822987,161,1
4962,52823063,76,0
4963,52823145,82,1
4964,52823299,154,0
4965,52823460,161,1
4966,52823536,76,0
4967,52823696,160,1
4968,52823772,76,0
4969,52823933,161,1
4970,52824009,76,0
4971,52824169,160,1
4972,52824245,76,0
4973,52824406,161,1
4974,52824566,160,0
4975,52824726,160,1
4976,52824802,76,0
4977,52824963,161,1
4978,52825039,76,0
4979,52825199,160,1
4980,52825275,76,0
4981,52825436,161,1
4982,52831032,5596,0
4983,52834932,3900,1
4984,52956034,121102,0
4985,52959934,3900,1
4986,53081037,121103,0
4987,53084937,3900,1
4988,53206039,121102,0
4989,53209939,3900,1
4990,53331041,121102,0
4991,53334941,3900,1
4992,53456043,121102,0
4993,53459943,3900,1
4994,53581045,121102,0
4995,53584945,3900,1
4996,53585140,195,0
4997,53585343,203,1
4998,53585416,73,0
4999,53585572,156,1
5000,53585652,80,0
5001,53585809,157,1
5002,53585889,80,0
5003,53586045,156,1
5004,53586125,80,0
5005,53586281,156,1
5006,53586361,80,0
5007,53586439,78,1
5008,53586596,157,0
5009,53586752,156,1
5010,53586832,80,0
5011,53586988,156,1
5012,53587068,80,0
5013,53587224,156,1
5014,53587385,161,0
5015,53587542,157,1
5016,53587617,75,0
5017,53587774,157,1
5018,53706047,118273,0
5019,53709947,3900,1
5020,53831049,121102,0
5021,53834949,3900,1
5022,53956052,121103,0
5023,53959952,3900,1
5024,54081054,121102,0
5025,54084954,3900,1
5026,54206056,121102,0
5027,54209956,3900,1
5028,54331058,121102,0
5029,54334958,3900,1
5030,54456060,121102,0
5031,54459960,3900,1
5032,54581062,121102,0
5033,54584962,3900,1
5034,54706064,121102,0
5035,54709964,3900,1
5036,54831066,121102,0
5037,54834966,3900,1
5038,54956069,121103,0
5039,54959969,3900,1
5040,55081071,121102,0
5041,55084971,3900,1
5042,55206073,121102,0
5043,55209973,3900,1
5044,55331075,121102,0
5045,55334975,3900,1
5046,55456077,121102,0
5047,55459977,3900,1
5048,55581079,121102,0
5049,55584979,3900,1
5050,55706081,121102,0
5051,55709981,3900,1
5052,55831083,121102,0
5053,55834983,3900,1
5054,55956086,121103,0
5055,55959986,3900,1
5056,56081088,121102,0
5057,56084988,3900,1
5058,56206090,121102,0
5059,56209990,3900,1
5060,56331092,121102,0
5061,56334992,3900,1
5062,56456094,121102,0
5063,56459994,3900,1
5064,56581096,121102,0
5065,56584996,3900,1
5066,56706098,121102,0
5067,56709998,3900,1
5068,56831101,121103,0
5069,56835000,3899,1
5070,56956103,121103,0
5071,56960003,3900,1
5072,57081105,121102,0
5073,57085005,3900,1
5074,57206107,121102,0
5075,57210007,3900,1
5076,57331109,121102,0
5077,57335009,3900,1
5078,57456111,121102,0
5079,57460011,3900,1
5080,57581113,121102,0
5081,57585013,3900,1
5082,57706115,121102,0
5083,57710015,3900,1
5084,57831118,121103,0
5085,57835018,3900,1
5086,57932538,97520,0
5087,57932745,207,1
5088,57932824,79,0
5089,57932985,161,1
5090,57933061,76,0
5091,57933144,83,1
5092,57933297,153,0
5093,57933458,161,1
5094,57933534,76,0
5095,57933694,160,1
5096,57933853,159,0
5097,57934013,160,1
5098,57934089,76,0
5099,57934250,161,1
5100,57934326,76,0
5101,57934486,160,1
5102,57934562,76,0
5103,57934723,161,1
5104,57934799,76,0
5105,57934959,160,1
5106,57935035,76,0
5107,57935196,161,1
5108,57935272,76,0
5109,57935432,160,1
5110,57935508,76,0
5111,57935669,161,1
5112,57935828,159,0
5113,57935910,82,1
5114,57936064,154,0
5115,57936225,161,1
5116,57936301,76,0
5117,57936383,82,1
5118,57936537,154,0
5119,57936698,161,1
5120,57936774,76,0
5121,57936934,160,1
5122,57937010,76,0
5123,57937171,161,1
5124,57937247,76,0
5125,57937407,160,1
5126,57937483,76,0
5127,57937644,161,1
5128,57937803,159,0
5129,57937963,160,1
5130,57938039,76,0
5131,57938200,161,1
5132,57938277,77,0
5133,57938436,159,1
5134,57938512,76,0
5135,57938673,161,1
5136,57938749,76,0
5137,57938909,160,1
5138,57938985,76,0
5139,57939146,161,1
5140,57939222,76,0
5141,57939382,160,1
5142,57939458,76,0
5143,57939619,161,1
5144,57939777,158,0
5145,57939860,83,1
5146,57940014,154,0
5147,57940175,161,1
5148,57940250,75,0
5149,57940333,83,1
5150,57940487,154,0
5151,57940648,161,1
5152,57940723,75,0
5153,57940884,161,1
5154,57940960,76,0
5155,57941121,161,1
5156,57941196,75,0
5157,57941357,161,1
5158,57941433,76,0
5159,57941594,161,1
5160,57941752,158,0
5161,57941913,161,1
5162,57941989,76,0
5163,57942150,161,1
5164,57942225,75,0
5165,57942386,161,1
5166,57942462,76,0
5167,57942623,161,1
5168,57942698,75,0
5169,57942859,161,1
5170,57942935,76,0
5171,57943096,161,1
5172,57943171,75,0
5173,57943332,161,1
5174,57943408,76,0
5175,57943569,161,1
5176,57943727,158,0
5177,57943810,83,1
5178,57943964,154,0
5179,57944124,160,1
5180,57944200,76,0
5181,57944283,83,1
5182,57944437,154,0
5183,57944597,160,1
5184,57944673,76,0
5185,57944834,161,1
5186,57944910,76,0
5187,57945070,160,1
5188,57945146,76,0
5189,57945307,161,1
5190,57945383,76,0
5191,57945543,160,1
5192,57945702,159,0
5193,57945863,161,1
5194,57945939,76,0
5195,57946099,160,1
5196,57946175,76,0
5197,57946336,161,1
5198,57946412,76,0
5199,57946572,160,1
5200,57946648,76,0
5201,57946809,161,1
5202,57946885,76,0
5203,57947045,160,1
5204,57947121,76,0
5205,57947282,161,1
5206,57947358,76,0
5207,57947518,160,1
5208,57947677,159,0
5209,57947760,83,1
5210,57947914,154,0
5211,57948074,160,1
5212,57948150,76,0
5213,57948233,83,1
5214,57948387,154,0
5215,57948547,160,1
5216,57948623,76,0
5217,57948784,161,1
5218,57948860,76,0
5219,57949020,160,1
5220,57949096,76,0
5221,57949257,161,1
5222,57949333,76,0
5223,57949493,160,1
5224,57949653,160,0
5225,57949814,161,1
5226,57949889,75,0
5227,57950050,161,1
5228,57950126,76,0
5229,57950287,161,1
5230,57950362,75,0
5231,57950523,161,1
5232,57956120,5597,0
5233,57960020,3900,1
5234,58057540,97520,0
5235,58057747,207,1
5236,58057826,79,0
5237,58057987,161,1
5238,58058063,76,0
5239,58058146,83,1
5240,58058299,153,0
5241,58058460,161,1
5242,58058536,76,0
5243,58058697,161,1
5244,58058855,158,0
5245,58059016,161,1
5246,58059091,75,0
5247,58059252,161,1
5248,58059328,76,0
5249,58059489,161,1
5250,58059564,75,0
5251,58059725,161,1
5252,58059801,76,0
5253,58059962,161,1
5254,58060037,75,0
5255,58060198,161,1
5256,58060274,76,0
5257,58060435,161,1
5258,58060510,75,0
5259,58060671,161,1
5260,58060830,159,0
5261,58060913,83,1
5262,58061066,153,0
5263,58061227,161,1
5264,58061303,76,0
5265,58061385,82,1
5266,58061539,154,0
5267,58061700,161,1
5268,58061776,76,0
5269,58061936,160,1
5270,58062012,76,0
5271,58062173,161,1
5272,58062249,76,0
5273,58062409,160,1
5274,58062485,76,0
5275,58062646,161,1
5276,58062805,159,0
5277,58062965,160,1
5278,58063041,76,0
5279,58063202,161,1
5280,58063278,76,0
5281,58063438,160,1
5282,58063514,76,0
5283,58063675,161,1
5284,58063751,76,0
5285,58063911,160,1
5286,58063987,76,0
5287,58064148,161,1
5288,58064224,76,0
5289,58064384,160,1
5290,58064460,76,0
5291,58064621,161,1
5292,58064780,159,0
5293,58064862,82,1
5294,58065016,154,0
5295,58065177,161,1
5296,58065253,76,0
5297,58065335,82,1
5298,58065489,154,0
5299,58065650,161,1
5300,58065726,76,0
5301,58065886,160,1
5302,58065962,76,0
5303,58066123,161,1
5304,58066199,76,0
5305,58066359,160,1
5306,58066435,76,0
5307,58066596,161,1
5308,58066755,159,0
5309,58066915,160,1
5310,58066991,76,0
5311,58067152,161,1
5312,58067228,76,0
5313,58067388,160,1
5314,58067464,76,0
5315,58067625,161,1
5316,58067700,75,0
5317,58067861,161,1
5318,58067937,76,0
5319,58068098,161,1
5320,58068173,75,0
5321,58068334,161,1
5322,58068410,76,0
5323,58068571,161,1
5324,58068729,158,0
5325,58068812,83,1
5326,58068966,154,0
5327,58069127,161,1
5328,58069202,75,0
5329,58069285,83,1
5330,58069439,154,0
5331,58069600,161,1
5332,58069675,75,0
5333,58069836,161,1
5334,58069912,76,0
5335,58070073,161,1
5336,58070148,75,0
5337,58070309,161,1
5338,58070385,76,0
5339,58070546,161,1
5340,58070704,158,0
5341,58070865,161,1
5342,58070941,76,0
5343,58071101,160,1
5344,58071177,76,0
5345,58071338,161,1
5346,58071414,76,0
5347,58071574,160,1
5348,58071650,76,0
5349,58071811,161,1
5350,58071887,76,0
5351,58072047,160,1
5352,58072123,76,0
5353,58072284,161,1
5354,58072360,76,0
5355,58072520,160,1
5356,58072679,159,0
5357,58072762,83,1
5358,58072916,154,0
5359,58073076,160,1
5360,58073152,76,0
5361,58073235,83,1
5362,58073389,154,0
5363,58073549,160,1
5364,58073625,76,0
5365,58073786,161,1
5366,58073862,76,0
5367,58074022,160,1
5368,58074098,76,0
5369,58074260,162,1
5370,58074335,75,0
5371,58074495,160,1
5372,58074655,160,0
5373,58074816,161,1
5374,58074892,76,0
5375,58075052,160,1
5376,58075128,76,0
5377,58075289,161,1
5378,58075365,76,0
5379,58075525,160,1
5380,58081122,5597,0
5381,58085022,3900,1
5382,58206124,121102,0
5383,58210024,3900,1
5384,58331126,121102,0
5385,58335026,3900,1
5386,58456128,121102,0
5387,58460028,3900,1
5388,58581130,121102,0
5389,58585030,3900,1
5390,58682551,97521,0
5391,58682758,207,1
5392,58682837,79,0
5393,58682998,161,1
5394,58683074,76,0
5395,58683156,82,1
5396,58683310,154,0
5397,58683471,161,1
5398,58683547,76,0
5399,58683707,160,1
5400,58683866,159,0
5401,58684026,160,1
5402,58684102,76,0
5403,58684266,164,1
5404,58684339,73,0
5405,58684499,160,1
5406,58684575,76,0
5407,58684736,161,1
5408,58684812,76,0
5409,58684972,160,1
5410,58685048,76,0
5411,58685209,161,1
5412,58685285,76,0
5413,58685445,160,1
5414,58685521,76,0
5415,58685682,161,1
5416,58685840,158,0
5417,58686001,161,1
5418,58686077,76,0
5419,58686238,161,1
5420,58686313,75,0
5421,58686396,83,1
5422,58686550,154,0
5423,58686711,161,1
5424,58686786,75,0
5425,58686947,161,1
5426,58687023,76,0
5427,58687184,161,1
5428,58687260,76,0
5429,58687420,160,1
5430,58687496,76,0
5431,58687657,161,1
5432,58687815,158,0
5433,58687976,161,1
5434,58688052,76,0
5435,58688213,161,1
5436,58688288,75,0
5437,58688449,161,1
5438,58688525,76,0
5439,58688686,161,1
5440,58688761,75,0
5441,58688922,161,1
5442,58688998,76,0
5443,58689159,161,1
5444,58689234,75,0
5445,58689395,161,1
5446,58689471,76,0
5447,58689632,161,1
5448,58689790,158,0
5449,58689951,161,1
5450,58690027,76,0
5451,58690188,161,1
5452,58690266,78,0
5453,58690346,80,1
5454,58690500,154,0
5455,58690660,160,1
5456,58690736,76,0
5457,58690897,161,1
5458,58690973,76,0
5459,58691133,160,1
5460,58691209,76,0
5461,58691370,161,1
5462,58691446,76,0
5463,58691606,160,1
5464,58691765,159,0
5465,58691926,161,1
5466,58692002,76,0
5467,58692162,160,1
5468,58692238,76,0
5469,58692399,161,1
5470,58692475,76,0
5471,58692635,160,1
5472,58692711,76,0
5473,58692872,161,1
5474,58692948,76,0
5475,58693108,160,1
5476,58693184,76,0
5477,58693345,161,1
5478,58693421,76,0
5479,58693582,161,1
5480,58693740,158,0
5481,58693901,161,1
5482,58693977,76,0
5483,58694137,160,1
5484,58694213,76,0
5485,58694296,83,1
5486,58694450,154,0
5487,58694610,160,1
5488,58694686,76,0
5489,58694847,161,1
5490,58694923,76,0
5491,58695083,160,1
5492,58695159,76,0
5493,58695320,161,1
5494,58695395,75,0
5495,58695556,161,1
5496,58695715,159,0
5497,58695876,161,1
5498,58695951,75,0
5499,58696112,161,1
5500,58696188,76,0
5501,58696349,161,1
5502,58696424,75,0
5503,58696585,161,1
5504,58696661,76,0
5505,58696822,161,1
5506,58696897,75,0
5507,58697058,161,1
5508,58697134,76,0
5509,58697295,161,1
5510,58697370,75,0
5511,58697531,161,1
5512,58697690,159,0
5513,58697851,161,1
5514,58697926,75,0
5515,58698087,161,1
5516,58698163,76,0
5517,58698246,83,1
5518,58698399,153,0
5519,58698560,161,1
5520,58698636,76,0
5521,58698796,160,1
5522,58698872,76,0
5523,58699033,161,1
5524,58699109,76,0
5525,58699269,160,1
5526,58699345,76,0
5527,58699506,161,1
5528,58699666,160,0
5529,58699826,160,1
5530,58699902,76,0
5531,58700063,161,1
5532,58700139,76,0
5533,58700299,160,1
5534,58700375,76,0
5535,58700536,161,1
5536,58706132,5596,0
5537,58710032,3900,1
5538,58807553,97521,0
5539,58807760,207,1
5540,58807839,79,0
5541,58808000,161,1
5542,58808076,76,0
5543,58808158,82,1
5544,58808312,154,0
5545,58808473,161,1
5546,58808549,76,0
5547,58808709,160,1
5548,58808868,159,0
5549,58809028,160,1
5550,58809104,76,0
5551,58809266,162,1
5552,58809341,75,0
5553,58809501,160,1
5554,58809577,76,0
5555,58809738,161,1
5556,58809814,76,0
5557,58809974,160,1
5558,58810050,76,0
5559,58810211,161,1
5560,58810287,76,0
5561,58810447,160,1
5562,58810523,76,0
5563,58810684,161,1
5564,58810843,159,0
5565,58811003,160,1
5566,58811079,76,0
5567,58811240,161,1
5568,58811316,76,0
5569,58811398,82,1
5570,58811552,154,0
5571,58811713,161,1
5572,58811789,76,0
5573,58811949,160,1
5574,58812025,76,0
5575,58812186,161,1
5576,58812266,80,0
5577,58812422,156,1
5578,58812498,76,0
5579,58812659,161,1
5580,58812818,159,0
5581,58812978,160,1
5582,58813054,76,0
5583,58813215,161,1
5584,58813290,75,0
5585,58813451,161,1
5586,58813527,76,0
5587,58813688,161,1
5588,58813763,75,0
5589,58813924,161,1
5590,58814000,76,0
5591,58814161,161,1
5592,58814236,75,0
5593,58814397,161,1
5594,58814473,76,0
5595,58814634,161,1
5596,58814792,158,0
5597,58814953,161,1
5598,58815029,76,0
5599,58815190,161,1
5600,58815266,76,0
5601,58815348,82,1
5602,58815502,154,0
5603,58815663,161,1
5604,58815738,75,0
5605,58815899,161,1
5606,58815975,76,0
5607,58816136,161,1
5608,58816211,75,0
5609,58816372,161,1
5610,58816448,76,0
5611,58816609,161,1
5612,58816767,158,0
5613,58816928,161,1
5614,58817004,76,0
5615,58817164,160,1
5616,58817240,76,0
5617,58817401,161,1
5618,58817477,76,0
5619,58817637,160,1
5620,58817713,76,0
5621,58817874,161,1
5622,58817950,76,0
5623,58818110,160,1
5624,58818186,76,0
5625,58818347,161,1
5626,58818423,76,0
5627,58818584,161,1
5628,58818742,158,0
5629,58818903,161,1
5630,58818979,76,0
5631,58819139,160,1
5632,58819215,76,0
5633,58819298,83,1
5634,58819452,154,0
5635,58819612,160,1
5636,58819688,76,0
5637,58819849,161,1
5638,58819925,76,0
5639,58820085,160,1
5640,58820161,76,0
5641,58820322,161,1
5642,58820398,76,0
5643,58820558,160,1
5644,58820717,159,0
5645,58820878,161,1
5646,58820954,76,0
5647,58821114,160,1
5648,58821190,76,0
5649,58821351,161,1
5650,58821427,76,0
5651,58821588,161,1
5652,58821663,75,0
5653,58821824,161,1
5654,58821900,76,0
5655,58822060,160,1
5656,58822136,76,0
5657,58822297,161,1
5658,58822373,76,0
5659,58822533,160,1
5660,58822692,159,0
5661,58822853,161,1
5662,58822928,75,0
5663,58823089,161,1
5664,58823165,76,0
5665,58823248,83,1
5666,58823401,153,0
5667,58823562,161,1
5668,58823638,76,0
5669,58823799,161,1
5670,58823874,75,0
5671,58824035,161,1
5672,58824111,76,0
5673,58824272,161,1
5674,58824347,75,0
5675,58824508,161,1
5676,58824668,160,0
5677,58824829,161,1
5678,58824904,75,0
5679,58825065,161,1
5680,58825141,76,0
5681,58825302,161,1
5682,58825377,75,0
5683,58825538,161,1
5684,58831135,5597,0
5685,58835035,3900,1
5686,58956137,121102,0
5687,58960037,3900,1
5688,59081139,121102,0
5689,59085039,3900,1
5690,59206141,121102,0
5691,59210041,3900,1
5692,59331143,121102,0
5693,59335043,3900,1
5694,59456145,121102,0
5695,59460045,3900,1
5696,59581147,121102,0
5697,59585047,3900,1
5698,59585242,195,0
5699,59585445,203,1
5700,59585518,73,0
5701,59585674,156,1
5702,59585754,80,0
5703,59585910,156,1
5704,59585990,80,0
5705,59586147,157,1
5706,59586227,80,0
5707,59586383,156,1
5708,59586463,80,0
5709,59586541,78,1
5710,59586698,157,0
5711,59586854,156,1
5712,59586934,80,0
5713,59587090,156,1
5714,59587170,80,0
5715,59587249,79,1
5716,59587487,238,0
5717,59587645,158,1
5718,59587719,74,0
5719,59587877,158,1
5720,59706149,118272,0
5721,59710049,3900,1
5722,59831152,121103,0
5723,59835052,3900,1
5724,59956154,121102,0
5725,59960054,3900,1
5726,60081156,121102,0
5727,60085056,3900,1
5728,60206158,121102,0
5729,60210058,3900,1
5730,60331160,121102,0
5731,60335060,3900,1
5732,60456162,121102,0
5733,60460062,3900,1
5734,60581164,121102,0
5735,60585064,3900,1
5736,60706166,121102,0
5737,60710066,3900,1
5738,60831169,121103,0
5739,60835069,3900,1
5740,60956171,121102,0
5741,60960071,3900,1
5742,61081173,121102,0
5743,61085073,3900,1
5744,61206175,121102,0
5745,61210075,3900,1
5746,61331177,121102,0
5747,61335077,3900,1
5748,61456179,121102,0
5749,61460079,3900,1
5750,61581181,121102,0
5751,61585081,3900,1
5752,61706184,121103,0
5753,61710083,3899,1
5754,61831186,121103,0
5755,61835086,3900,1
5756,61956188,121102,0
5757,61960088,3900,1
5758,62081190,121102,0
5759,62085090,3900,1
5760,62206192,121102,0
5761,62210092,3900,1
5762,62331194,121102,0
5763,62335094,3900,1
5764,62456196,121102,0
5765,62460096,3900,1
5766,62581198,121102,0
5767,62585098,3900,1
5768,62706201,121103,0
5769,62710101,3900,1
5770,62831203,121102,0
5771,62835103,3900,1
5772,62956205,121102,0
5773,62960105,3900,1
5774,63081207,121102,0
5775,63085107,3900,1
5776,63206209,121102,0
5777,63210109,3900,1
5778,63331211,121102,0
5779,63335111,3900,1
5780,63456213,121102,0
5781,63460113,3900,1
5782,63581215,121102,0
5783,63585115,3900,1
5784,63706218,121103,0
5785,63710118,3900,1
5786,63831220,121102,0
5787,63835120,3900,1
5788,63932640,97520,0
5789,63932847,207,1
5790,63932927,80,0
5791,63933087,160,1
5792,63933163,76,0
5793,63933246,83,1
5794,63933399,153,0
5795,63933560,161,1
5796,63933636,76,0
5797,63933797,161,1
5798,63933955,158,0
5799,63934116,161,1
5800,63934191,75,0
5801,63934352,161,1
5802,63934428,76,0
5803,63934589,161,1
5804,63934664,75,0
5805,63934825,161,1
5806,63934901,76,0
5807,63935062,161,1
5808,63935137,75,0
5809,63935298,161,1
5810,63935374,76,0
5811,63935535,161,1
5812,63935610,75,0
5813,63935771,161,1
5814,63935930,159,0
5815,63936013,83,1
5816,63936166,153,0
5817,63936327,161,1
5818,63936403,76,0
5819,63936485,82,1
5820,63936639,154,0
5821,63936800,161,1
5822,63936876,76,0
5823,63937036,160,1
5824,63937112,76,0
5825,63937273,161,1
5826,63937349,76,0
5827,63937509,160,1
5828,63937586,77,0
5829,63937746,160,1
5830,63937905,159,0
5831,63938065,160,1
5832,63938141,76,0
5833,63938302,161,1
5834,63938378,76,0
5835,63938538,160,1
5836,63938614,76,0
5837,63938775,161,1
5838,63938851,76,0
5839,63939011,160,1
5840,63939087,76,0
5841,63939248,161,1
5842,63939324,76,0
5843,63939484,160,1
5844,63939560,76,0
5845,63939721,161,1
5846,63939880,159,0
5847,63939962,82,1
5848,63940116,154,0
5849,63940277,161,1
5850,63940353,76,0
5851,63940435,82,1
5852,63940589,154,0
5853,63940750,161,1
5854,63940826,76,0
5855,63940986,160,1
5856,63941062,76,0
5857,63941223,161,1
5858,63941299,76,0
5859,63941459,160,1
5860,63941535,76,0
5861,63941696,161,1
5862,63941855,159,0
5863,63942015,160,1
5864,63942091,76,0
5865,63942252,161,1
5866,63942328,76,0
5867,63942488,160,1
5868,63942564,76,0
5869,63942725,161,1
5870,63942801,76,0
5871,63942961,160,1
5872,63943037,76,0
5873,63943198,161,1
5874,63943273,75,0
5875,63943434,161,1
5876,63943510,76,0
5877,63943671,161,1
5878,63943829,158,0
5879,63943912,83,1
5880,63944066,154,0
5881,63944227,161,1
5882,63944302,75,0
5883,63944385,83,1
5884,63944539,154,0
5885,63944700,161,1
5886,63944775,75,0
5887,63944936,161,1
5888,63945012,76,0
5889,63945173,161,1
5890,63945248,75,0
5891,63945409,161,1
5892,63945485,76,0
5893,63945646,161,1
5894,63945804,158,0
5895,63945965,161,1
5896,63946041,76,0
5897,63946202,161,1
5898,63946277,75,0
5899,63946438,161,1
5900,63946514,76,0
5901,63946674,160,1
5902,63946750,76,0
5903,63946911,161,1
5904,63946987,76,0
5905,63947147,160,1
5906,63947223,76,0
5907,63947384,161,1
5908,63947460,76,0
5909,63947620,160,1
5910,63947779,159,0
5911,63947862,83,1
5912,63948016,154,0
5913,63948176,160,1
5914,63948252,76,0
5915,63948335,83,1
5916,63948489,154,0
5917,63948649,160,1
5918,63948725,76,0
5919,63948886,161,1
5920,63948962,76,0
5921,63949122,160,1
5922,63949198,76,0
5923,63949359,161,1
5924,63949435,76,0
5925,63949595,160,1
5926,63949755,160,0
5927,63949916,161,1
5928,63949992,76,0
5929,63950152,160,1
5930,63950228,76,0
5931,63950389,161,1
5932,63950465,76,0
5933,63950625,160,1
5934,63956222,5597,0
5935,63960122,3900,1
5936,64057642,97520,0
5937,64057849,207,1
5938,64057929,80,0
5939,64058089,160,1
5940,64058165,76,0
5941,64058248,83,1
5942,64058402,154,0
5943,64058562,160,1
5944,64058638,76,0
5945,64058799,161,1
5946,64058957,158,0
5947,64059118,161,1
5948,64059194,76,0
5949,64059354,160,1
5950,64059430,76,0
5951,64059591,161,1
5952,64059667,76,0
5953,64059827,160,1
5954,64059903,76,0
5955,64060064,161,1
5956,64060140,76,0
5957,64060300,160,1
5958,64060376,76,0
5959,64060537,161,1
5960,64060613,76,0
5961,64060773,160,1
5962,64060932,159,0
5963,64061015,83,1
5964,64061168,153,0
5965,64061329,161,1
5966,64061405,76,0
5967,64061488,83,1
5968,64061641,153,0
5969,64061802,161,1
5970,64061878,76,0
5971,64062039,161,1
5972,64062114,75,0
5973,64062275,161,1
5974,64062351,76,0
5975,64062512,161,1
5976,64062588,76,0
5977,64062748,160,1
5978,64062907,159,0
5979,64063068,161,1
5980,64063143,75,0
5981,64063304,161,1
5982,64063380,76,0
5983,64063541,161,1
5984,64063616,75,0
5985,64063777,161,1
5986,64063853,76,0
5987,64064014,161,1
5988,64064089,75,0
5989,64064250,161,1
5990,64064326,76,0
5991,64064487,161,1
5992,64064562,75,0
5993,64064723,161,1
5994,64064882,159,0
5995,64064965,83,1
5996,64065118,153,0
5997,64065279,161,1
5998,64065355,76,0
5999,64065438,83,1
6000,64065591,153,0
6001,64065752,161,1
6002,64065828,76,0
6003,64065988,160,1
6004,64066064,76,0
6005,64066225,161,1
6006,64066301,76,0
6007,64066461,160,1
6008,64066537,76,0
6009,64066698,161,1
6010,64066857,159,0
6011,64067017,160,1
6012,64067093,76,0
6013,64067254,161,1
6014,64067330,76,0
6015,64067490,160,1
6016,64067566,76,0
6017,64067727,161,1
6018,64067803,76,0
6019,64067963,160,1
6020,64068039,76,0
6021,64068200,161,1
6022,64068277,77,0
6023,64068436,159,1
6024,64068512,76,0
6025,64068673,161,1
6026,64068832,159,0
6027,64068914,82,1
6028,64069068,154,0
6029,64069229,161,1
6030,64069305,76,0
6031,64069387,82,1
6032,64069541,154,0
6033,64069702,161,1
6034,64069778,76,0
6035,64069938,160,1
6036,64070014,76,0
6037,64070175,161,1
6038,64070251,76,0
6039,64070411,160,1
6040,64070487,76,0
6041,64070648,161,1
6042,64070806,158,0
6043,64070967,161,1
6044,64071043,76,0
6045,64071204,161,1
6046,64071279,75,0
6047,64071440,161,1
6048,64071516,76,0
6049,64071677,161,1
6050,64071752,75,0
6051,64071913,161,1
6052,64071989,76,0
6053,64072150,161,1
6054,64072225,75,0
6055,64072386,161,1
6056,64072462,76,0
6057,64072623,161,1
6058,64072781,158,0
6059,64072864,83,1
6060,64073018,154,0
6061,64073179,161,1
6062,64073254,75,0
6063,64073337,83,1
6064,64073491,154,0
6065,64073652,161,1
6066,64073727,75,0
6067,64073888,161,1
6068,64073964,76,0
6069,64074124,160,1
6070,64074200,76,0
6071,64074361,161,1
6072,64074437,76,0
6073,64074597,160,1
6074,64074757,160,0
6075,64074918,161,1
6076,64074994,76,0
6077,64075154,160,1
6078,64075230,76,0
6079,64075391,161,1
6080,64075467,76,0
6081,64075627,160,1
6082,64081224,5597,0
6083,64085124,3900,1
6084,64206226,121102,0
6085,64210126,3900,1
6086,64331228,121102,0
6087,64335128,3900,1
6088,64456230,121102,0
6089,64460130,3900,1
6090,64581232,121102,0
6091,64585132,3900,1
6092,64682653,97521,0
6093,64682860,207,1
6094,64682939,79,0
6095,64683100,161,1
6096,64683176,76,0
6097,64683260,84,1
6098,64683412,152,0
6099,64683573,161,1
6100,64683649,76,0
6101,64683809,160,1
6102,64683968,159,0
6103,64684128,160,1
6104,64684204,76,0
6105,64684365,161,1
6106,64684441,76,0
6107,64684601,160,1
6108,64684677,76,0
6109,64684838,161,1
6110,64684914,76,0
6111,64685074,160,1
6112,64685150,76,0
6113,64685311,161,1
6114,64685387,76,0
6115,64685547,160,1
6116,64685623,76,0
6117,64685784,161,1
6118,64685943,159,0
6119,64686103,160,1
6120,64686179,76,0
6121,64686340,161,1
6122,64686416,76,0
6123,64686498,82,1
6124,64686652,154,0
6125,64686813,161,1
6126,64686889,76,0
6127,64687049,160,1
6128,64687125,76,0
6129,64687286,161,1
6130,64687362,76,0
6131,64687522,160,1
6132,64687598,76,0
6133,64687759,161,1
6134,64687918,159,0
6135,64688078,160,1
6136,64688154,76,0
6137,64688315,161,1
6138,64688390,75,0
6139,64688551,161,1
6140,64688627,76,0
6141,64688788,161,1
6142,64688863,75,0
6143,64689024,161,1
6144,64689100,76,0
6145,64689260,160,1
6146,64689336,76,0
6147,64689497,161,1
6148,64689573,76,0
6149,64689734,161,1
6150,64689892,158,0
6151,64690053,161,1
6152,64690129,76,0
6153,64690290,161,1
6154,64690365,75,0
6155,64690448,83,1
6156,64690602,154,0
6157,64690763,161,1
6158,64690838,75,0
6159,64690999,161,1
6160,64691075,76,0
6161,64691236,161,1
6162,64691311,75,0
6163,64691472,161,1
6164,64691548,76,0
6165,64691709,161,1
6166,64691867,158,0
6167,64692028,161,1
6168,64692104,76,0
6169,64692266,162,1
6170,64692340,74,0
6171,64692501,161,1
6172,64692577,76,0
6173,64692737,160,1
6174,64692813,76,0
6175,64692974,161,1
6176,64693050,76,0
6177,64693210,160,1
6178,64693286,76,0
6179,64693447,161,1
6180,64693523,76,0
6181,64693683,160,1
6182,64693842,159,0
6183,64694003,161,1
6184,64694079,76,0
6185,64694239,160,1
6186,64694315,76,0
6187,64694398,83,1
6188,64694552,154,0
6189,64694712,160,1
6190,64694788,76,0
6191,64694949,161,1
6192,64695025,76,0
6193,64695185,160,1
6194,64695260,75,0
6195,64695422,162,1
6196,64695498,76,0
6197,64695658,160,1
6198,64695817,159,0
6199,64695978,161,1
6200,64696054,76,0
6201,64696214,160,1
6202,64696290,76,0
6203,64696451,161,1
6204,64696527,76,0
6205,64696687,160,1
6206,64696763,76,0
6207,64696924,161,1
6208,64697000,76,0
6209,64697160,160,1
6210,64697236,76,0
6211,64697397,161,1
6212,64697473,76,0
6213,64697633,160,1
6214,64697792,159,0
6215,64697953,161,1
6216,64698029,76,0
6217,64698189,160,1
6218,64698266,77,0
6219,64698348,82,1
6220,64698501,153,0
6221,64698662,161,1
6222,64698738,76,0
6223,64698899,161,1
6224,64698974,75,0
6225,64699135,161,1
6226,64699211,76,0
6227,64699372,161,1
6228,64699447,75,0
6229,64699608,161,1
6230,64699768,160,0
6231,64699929,161,1
6232,64700004,75,0
6233,64700165,161,1
6234,64700241,76,0
6235,64700402,161,1
6236,64700477,75,0
6237,64700638,161,1
6238,64706235,5597,0
6239,64710135,3900,1
6240,64807655,97520,0
6241,64807862,207,1
6242,64807941,79,0
6243,64808102,161,1
6244,64808178,76,0
6245,64808260,82,1
6246,64808414,154,0
6247,64808575,161,1
6248,64808651,76,0
6249,64808811,160,1
6250,64808970,159,0
6251,64809130,160,1
6252,64809206,76,0
6253,64809367,161,1
6254,64809443,76,0
6255,64809603,160,1
6256,64809679,76,0
6257,64809840,161,1
6258,64809916,76,0
6259,64810076,160,1
6260,64810152,76,0
6261,64810313,161,1
6262,64810389,76,0
6263,64810549,160,1
6264,64810625,76,0
6265,64810786,161,1
6266,64810945,159,0
6267,64811105,160,1
6268,64811181,76,0
6269,64811342,161,1
6270,64811418,76,0
6271,64811500,82,1
6272,64811654,154,0
6273,64811815,161,1
6274,64811891,76,0
6275,64812051,160,1
6276,64812127,76,0
6277,64812288,161,1
6278,64812364,76,0
6279,64812524,160,1
6280,64812600,76,0
6281,64812761,161,1
6282,64812920,159,0
6283,64813080,160,1
6284,64813156,76,0
6285,64813317,161,1
6286,64813393,76,0
6287,64813553,160,1
6288,64813629,76,0
6289,64813790,161,1
6290,64813866,76,0
6291,64814026,160,1
6292,64814102,76,0
6293,64814266,164,1
6294,64814339,73,0
6295,64814499,160,1
6296,64814575,76,0
6297,64814736,161,1
6298,64814895,159,0
6299,64815055,160,1
6300,64815131,76,0
6301,64815292,161,1
6302,64815368,76,0
6303,64815450,82,1
6304,64815604,154,0
6305,64815765,161,1
6306,64815840,75,0
6307,64816001,161,1
6308,64816077,76,0
6309,64816238,161,1
6310,64816313,75,0
6311,64816474,161,1
6312,64816550,76,0
6313,64816711,161,1
6314,64816869,158,0
6315,64817030,161,1
6316,64817106,76,0
6317,64817267,161,1
6318,64817342,75,0
6319,64817503,161,1
6320,64817579,76,0
6321,64817740,161,1
6322,64817815,75,0
6323,64817976,161,1
6324,64818052,76,0
6325,64818213,161,1
6326,64818288,75,0
6327,64818449,161,1
6328,64818525,76,0
6329,64818686,161,1
6330,64818844,158,0
6331,64819005,161,1
6332,64819081,76,0
6333,64819241,160,1
6334,64819317,76,0
6335,64819400,83,1
6336,64819554,154,0
6337,64819714,160,1
6338,64819790,76,0
6339,64819951,161,1
6340,64820027,76,0
6341,64820187,160,1
6342,64820266,79,0
6343,64820424,158,1
6344,64820500,76,0
6345,64820660,160,1
6346,64820819,159,0
6347,64820980,161,1
6348,64821056,76,0
6349,64821216,160,1
6350,64821292,76,0
6351,64821453,161,1
6352,64821529,76,0
6353,64821689,160,1
6354,64821765,76,0
6355,64821926,161,1
6356,64822002,76,0
6357,64822162,160,1
6358,64822238,76,0
6359,64822399,161,1
6360,64822475,76,0
6361,64822635,160,1
6362,64822794,159,0
6363,64822955,161,1
6364,64823031,76,0
6365,64823191,160,1
6366,64823267,76,0
6367,64823350,83,1
6368,64823504,154,0
6369,64823664,160,1
6370,64823740,76,0
6371,64823901,161,1
6372,64823977,76,0
6373,64824137,160,1
6374,64824213,76,0
6375,64824374,161,1
6376,64824450,76,0
6377,64824610,160,1
6378,64824770,160,0
6379,64824931,161,1
6380,64825007,76,0
6381,64825167,160,1
6382,64825243,76,0
6383,64825404,161,1
6384,64825480,76,0
6385,64825640,160,1
6386,64831237,5597,0
6387,64835137,3900,1
6388,64956239,121102,0
6389,64960139,3900,1
6390,65081241,121102,0
6391,65085141,3900,1
6392,65206243,121102,0
6393,65210143,3900,1
6394,65331245,121102,0
6395,65335145,3900,1
6396,65456247,121102,0
6397,65460147,3900,1
6398,65460342,195,0
6399,65460545,203,1
6400,65460618,73,0
6401,65460775,157,1
6402,65460855,80,0
6403,65461011,156,1
6404,65461091,80,0
6405,65461247,156,1
6406,65461327,80,0
6407,65461483,156,1
6408,65461563,80,0
6409,65461642,79,1
6410,65461798,156,0
6411,65461954,156,1
6412,65462034,80,0
6413,65462113,79,1
6414,65462269,156,0
6415,65462425,156,1
6416,65462587,162,0
6417,65462745,158,1
6418,65462819,74,0
6419,65462977,158,1
6420,65557668,94691,0
6421,65557875,207,1
6422,65557954,79,0
6423,65558115,161,1
6424,65558191,76,0
6425,65558274,83,1
6426,65558427,153,0
6427,65558588,161,1
6428,65558664,76,0
6429,65558824,160,1
6430,65558983,159,0
6431,65559143,160,1
6432,65559219,76,0
6433,65559380,161,1
6434,65559456,76,0
6435,65559616,160,1
6436,65559692,76,0
6437,65559853,161,1
6438,65559929,76,0
6439,65560089,160,1
6440,65560165,76,0
6441,65560326,161,1
6442,65560402,76,0
6443,65560562,160,1
6444,65560638,76,0
6445,65560799,161,1
6446,65560958,159,0
6447,65561118,160,1
6448,65561194,76,0
6449,65561355,161,1
6450,65561430,75,0
6451,65561513,83,1
6452,65561667,154,0
6453,65561828,161,1
6454,65561903,75,0
6455,65562064,161,1
6456,65562140,76,0
6457,65562301,161,1
6458,65562376,75,0
6459,65562537,161,1
6460,65562613,76,0
6461,65562774,161,1
6462,65562932,158,0
6463,65563093,161,1
6464,65563169,76,0
6465,65563330,161,1
6466,65563405,75,0
6467,65563566,161,1
6468,65563642,76,0
6469,65563803,161,1
6470,65563878,75,0
6471,65564039,161,1
6472,65564115,76,0
6473,65564276,161,1
6474,65564351,75,0
6475,65564512,161,1
6476,65564588,76,0
6477,65564749,161,1
6478,65564907,158,0
6479,65565068,161,1
6480,65565144,76,0
6481,65565305,161,1
6482,65565380,75,0
6483,65565463,83,1
6484,65565617,154,0
6485,65565778,161,1
6486,65565853,75,0
6487,65566014,161,1
6488,65566090,76,0
6489,65566250,160,1
6490,65566326,76,0
6491,65566487,161,1
6492,65566563,76,0
6493,65566723,160,1
6494,65566882,159,0
6495,65567043,161,1
6496,65567119,76,0
6497,65567279,160,1
6498,65567355,76,0
6499,65567516,161,1
6500,65567592,76,0
6501,65567752,160,1
6502,65567828,76,0
6503,65567989,161,1
6504,65568065,76,0
6505,65568225,160,1
6506,65568301,76,0
6507,65568462,161,1
6508,65568538,76,0
6509,65568698,160,1
6510,65568857,159,0
6511,65569018,161,1
6512,65569094,76,0
6513,65569254,160,1
6514,65569330,76,0
6515,65569413,83,1
6516,65569567,154,0
6517,65569727,160,1
6518,65569803,76,0
6519,65569964,161,1
6520,65570040,76,0
6521,65570200,160,1
6522,65570276,76,0
6523,65570437,161,1
6524,65570513,76,0
6525,65570673,160,1
6526,65570832,159,0
6527,65570993,161,1
6528,65571068,75,0
6529,65571229,161,1
6530,65571305,76,0
6531,65571466,161,1
6532,65571541,75,0
6533,65571702,161,1
6534,65571778,76,0
6535,65571939,161,1
6536,65572014,75,0
6537,65572175,161,1
6538,65572251,76,0
6539,65572412,161,1
6540,65572487,75,0
6541,65572648,161,1
6542,65572807,159,0
6543,65572968,161,1
6544,65573043,75,0
6545,65573204,161,1
6546,65573280,76,0
6547,65573363,83,1
6548,65573516,153,0
6549,65573677,161,1
6550,65573753,76,0
6551,65573914,161,1
6552,65573989,75,0
6553,65574150,161,1
6554,65574226,76,0
6555,65574386,160,1
6556,65574462,76,0
6557,65574623,161,1
6558,65574783,160,0
6559,65574943,160,1
6560,65575019,76,0
6561,65575180,161,1
6562,65575256,76,0
6563,65575338,82,1
6564,65575492,154,0
6565,65575575,83,1
6566,65581249,5674,0
6567,65585149,3900,1
6568,65706252,121103,0
6569,65710152,3900,1
6570,65831254,121102,0
6571,65835154,3900,1
6572,65956256,121102,0
6573,65960156,3900,1
6574,66081259,121103,0
6575,66085158,3899,1
6576,66206260,121102,0
6577,66210160,3900,1
6578,66331266,121106,0
6579,66335162,3896,1
6580,66456266,121104,0
6581,66460164,3898,1
6582,66581266,121102,0
6583,66585166,3900,1
6584,66706269,121103,0
6585,66710169,3900,1
6586,66831271,121102,0
6587,66835171,3900,1
6588,66956273,121102,0
6589,66960173,3900,1
6590,67081275,121102,0
6591,67085175,3900,1
6592,67206277,121102,0
6593,67210177,3900,1
6594,67331279,121102,0
6595,67335179,3900,1
6596,67456281,121102,0
6597,67460181,3900,1
6598,67581284,121103,0
6599,67585183,3899,1
6600,67706286,121103,0
6601,67710186,3900,1
6602,67831288,121102,0
6603,67835188,3900,1
6604,67956290,121102,0
6605,67960190,3900,1
6606,68081292,121102,0
6607,68085192,3900,1
6608,68206294,121102,0
6609,68210194,3900,1
6610,68331296,121102,0
6611,68335196,3900,1
6612,68456298,121102,0
6613,68460198,3900,1
6614,68581301,121103,0
6615,68585201,3900,1
6616,68706303,121102,0
6617,68710203,3900,1
6618,68831305,121102,0
6619,68835205,3900,1
6620,68956307,121102,0
6621,68960207,3900,1
6622,69081309,121102,0
6623,69085209,3900,1
6624,69206311,121102,0
6625,69210211,3900,1
6626,69331313,121102,0
6627,69335213,3900,1
6628,69456315,121102,0
6629,69460215,3900,1
6630,69581318,121103,0
6631,69585218,3900,1
6632,69706320,121102,0
6633,69710220,3900,1
6634,69831322,121102,0
6635,69835222,3900,1
6636,69956324,121102,0
6637,69960224,3900,1
6638,70081326,121102,0
6639,70085226,3900,1
6640,70206328,121102,0
6641,70210228,3900,1
6642,70331330,121102,0
6643,70335230,3900,1
6644,70456332,121102,0
6645,70460232,3900,1
6646,70581335,121103,0
6647,70585235,3900,1
6648,70706337,121102,0
6649,70710237,3900,1
6650,70831339,121102,0
6651,70835239,3900,1
6652,70956341,121102,0
6653,70960241,3900,1
6654,71081343,121102,0
6655,71085243,3900,1
6656,71206345,121102,0
6657,71210245,3900,1
6658,71331347,121102,0
6659,71335247,3900,1
6660,71456349,121102,0
6661,71460249,3900,1
6662,71581352,121103,0
6663,71585252,3900,1
6664,71706354,121102,0
6665,71710254,3900,1
6666,71831356,121102,0
6667,71835256,3900,1
6668,71932776,97520,0
6669,71932983,207,1
6670,71933063,80,0
6671,71933223,160,1
6672,71933299,76,0
6673,71933382,83,1
6674,71933536,154,0
6675,71933696,160,1
6676,71933772,76,0
6677,71933933,161,1
6678,71934091,158,0
6679,71934252,161,1
6680,71934328,76,0
6681,71934488,160,1
6682,71934564,76,0
6683,71934725,161,1
6684,71934801,76,0
6685,71934961,160,1
6686,71935037,76,0
6687,71935198,161,1
6688,71935274,76,0
6689,71935434,160,1
6690,71935510,76,0
6691,71935671,161,1
6692,71935747,76,0
6693,71935907,160,1
6694,71936066,159,0
6695,71936149,83,1
6696,71936302,153,0
6697,71936463,161,1
6698,71936539,76,0
6699,71936622,83,1
6700,71936775,153,0
6701,71936936,161,1
6702,71937012,76,0
6703,71937173,161,1
6704,71937248,75,0
6705,71937409,161,1
6706,71937485,76,0
6707,71937646,161,1
6708,71937721,75,0
6709,71937882,161,1
6710,71938041,159,0
6711,71938202,161,1
6712,71938278,76,0
6713,71938438,160,1
6714,71938514,76,0
6715,71938675,161,1
6716,71938750,75,0
6717,71938911,161,1
6718,71938987,76,0
6719,71939148,161,1
6720,71939223,75,0
6721,71939384,161,1
6722,71939460,76,0
6723,71939621,161,1
6724,71939696,75,0
6725,71939857,161,1
6726,71940016,159,0
6727,71940099,83,1
6728,71940252,153,0
6729,71940413,161,1
6730,71940489,76,0
6731,71940571,82,1
6732,71940725,154,0
6733,71940886,161,1
6734,71940962,76,0
6735,71941122,160,1
6736,71941198,76,0
6737,71941359,161,1
6738,71941435,76,0
6739,71941595,160,1
6740,71941671,76,0
6741,71941832,161,1
6742,71941991,159,0
6743,71942151,160,1
6744,71942227,76,0
6745,71942388,161,1
6746,71942464,76,0
6747,71942624,160,1
6748,71942700,76,0
6749,71942861,161,1
6750,71942937,76,0
6751,71943097,160,1
6752,71943173,76,0
6753,71943334,161,1
6754,71943410,76,0
6755,71943570,160,1
6756,71943646,76,0
6757,71943807,161,1
6758,71943966,159,0
6759,71944048,82,1
6760,71944202,154,0
6761,71944363,161,1
6762,71944439,76,0
6763,71944521,82,1
6764,71944675,154,0
6765,71944836,161,1
6766,71944912,76,0
6767,71945072,160,1
6768,71945148,76,0
6769,71945309,161,1
6770,71945385,76,0
6771,71945545,160,1
6772,71945621,76,0
6773,71945782,161,1
6774,71945940,158,0
6775,71946101,161,1
6776,71946177,76,0
6777,71946338,161,1
6778,71946413,75,0
6779,71946574,161,1
6780,71946650,76,0
6781,71946811,161,1
6782,71946886,75,0
6783,71947047,161,1
6784,71947123,76,0
6785,71947284,161,1
6786,71947359,75,0
6787,71947520,161,1
6788,71947596,76,0
6789,71947757,161,1
6790,71947915,158,0
6791,71947998,83,1
6792,71948152,154,0
6793,71948313,161,1
6794,71948388,75,0
6795,71948471,83,1
6796,71948625,154,0
6797,71948786,161,1
6798,71948861,75,0
6799,71949022,161,1
6800,71949098,76,0
6801,71949260,162,1
6802,71949334,74,0
6803,71949495,161,1
6804,71949571,76,0
6805,71949731,160,1
6806,71949891,160,0
6807,71950052,161,1
6808,71950128,76,0
6809,71950288,160,1
6810,71950364,76,0
6811,71950525,161,1
6812,71950601,76,0
6813,71950761,160,1
6814,71956358,5597,0
6815,71960259,3901,1
6816,72057778,97519,0
6817,72057985,207,1
6818,72058065,80,0
6819,72058225,160,1
6820,72058301,76,0
6821,72058384,83,1
6822,72058538,154,0
6823,72058698,160,1
6824,72058774,76,0
6825,72058935,161,1
6826,72059093,158,0
6827,72059254,161,1
6828,72059330,76,0
6829,72059490,160,1
6830,72059566,76,0
6831,72059727,161,1
6832,72059803,76,0
6833,72059963,160,1
6834,72060039,76,0
6835,72060200,161,1
6836,72060276,76,0
6837,72060436,160,1
6838,72060512,76,0
6839,72060673,161,1
6840,72060749,76,0
6841,72060909,160,1
6842,72061068,159,0
6843,72061151,83,1
6844,72061305,154,0
6845,72061465,160,1
6846,72061541,76,0
6847,72061624,83,1
6848,72061778,154,0
6849,72061938,160,1
6850,72062014,76,0
6851,72062175,161,1
6852,72062251,76,0
6853,72062411,160,1
6854,72062487,76,0
6855,72062648,161,1
6856,72062724,76,0
6857,72062884,160,1
6858,72063043,159,0
6859,72063204,161,1
6860,72063280,76,0
6861,72063440,160,1
6862,72063516,76,0
6863,72063677,161,1
6864,72063752,75,0
6865,72063913,161,1
6866,72063989,76,0
6867,72064150,161,1
6868,72064225,75,0
6869,72064386,161,1
6870,72064462,76,0
6871,72064623,161,1
6872,72064698,75,0
6873,72064859,161,1
6874,72065018,159,0
6875,72065101,83,1
6876,72065254,153,0
6877,72065415,161,1
6878,72065491,76,0
6879,72065574,83,1
6880,72065727,153,0
6881,72065888,161,1
6882,72065964,76,0
6883,72066125,161,1
6884,72066200,75,0
6885,72066361,161,1
6886,72066437,76,0
6887,72066598,161,1
6888,72066673,75,0
6889,72066834,161,1
6890,72066993,159,0
6891,72067154,161,1
6892,72067229,75,0
6893,72067390,161,1
6894,72067466,76,0
6895,72067626,160,1
6896,72067702,76,0
6897,72067863,161,1
6898,72067939,76,0
6899,72068099,160,1
6900,72068175,76,0
6901,72068336,161,1
6902,72068412,76,0
6903,72068572,160,1
6904,72068648,76,0
6905,72068809,161,1
6906,72068968,159,0
6907,72069050,82,1
6908,72069204,154,0
6909,72069365,161,1
6910,72069441,76,0
6911,72069523,82,1
6912,72069677,154,0
6913,72069838,161,1
6914,72069914,76,0
6915,72070074,160,1
6916,72070150,76,0
6917,72070311,161,1
6918,72070387,76,0
6919,72070547,160,1
6920,72070623,76,0
6921,72070784,161,1
6922,72070943,159,0
6923,72071103,160,1
6924,72071179,76,0
6925,72071340,161,1
6926,72071416,76,0
6927,72071576,160,1
6928,72071652,76,0
6929,72071813,161,1
6930,72071889,76,0
6931,72072049,160,1
6932,72072125,76,0
6933,72072286,161,1
6934,72072362,76,0
6935,72072522,160,1
6936,72072598,76,0
6937,72072759,161,1
6938,72072918,159,0
6939,72073000,82,1
6940,72073154,154,0
6941,72073315,161,1
6942,72073390,75,0
6943,72073473,83,1
6944,72073627,154,0
6945,72073788,161,1
6946,72073863,75,0
6947,72074024,161,1
6948,72074100,76,0
6949,72074260,160,1
6950,72074336,76,0
6951,72074497,161,1
6952,72074573,76,0
6953,72074734,161,1
6954,72074893,159,0
6955,72075054,161,1
6956,72075130,76,0
6957,72075291,161,1
6958,72075366,75,0
6959,72075527,161,1
6960,72075603,76,0
6961,72075764,161,1
6962,72081360,5596,0
6963,72085260,3900,1
6964,72206362,121102,0
6965,72210266,3904,1
6966,72331364,121098,0
6967,72335266,3902,1
6968,72456366,121100,0
6969,72460266,3900,1
6970,72581369,121103,0
6971,72585269,3900,1
6972,72682789,97520,0
6973,72682996,207,1
6974,72683075,79,0
6975,72683236,161,1
6976,72683312,76,0
6977,72683395,83,1
6978,72683548,153,0
6979,72683709,161,1
6980,72683785,76,0
6981,72683946,161,1
6982,72684104,158,0
6983,72684266,162,1
6984,72684340,74,0
6985,72684501,161,1
6986,72684577,76,0
6987,72684738,161,1
6988,72684813,75,0
6989,72684974,161,1
6990,72685050,76,0
6991,72685210,160,1
6992,72685286,76,0
6993,72685447,161,1
6994,72685523,76,0
6995,72685683,160,1
6996,72685759,76,0
6997,72685920,161,1
6998,72686079,159,0
6999,72686239,160,1
7000,72686315,76,0
7001,72686476,161,1
7002,72686552,76,0
7003,72686634,82,1
7004,72686788,154,0
7005,72686949,161,1
7006,72687025,76,0
7007,72687185,160,1
7008,72687260,75,0
7009,72687422,162,1
7010,72687498,76,0
7011,72687658,160,1
7012,72687734,76,0
7013,72687895,161,1
7014,72688054,159,0
7015,72688214,160,1
7016,72688290,76,0
7017,72688451,161,1
7018,72688527,76,0
7019,72688687,160,1
7020,72688763,76,0
7021,72688924,161,1
7022,72689000,76,0
7023,72689160,160,1
7024,72689236,76,0
7025,72689397,161,1
7026,72689473,76,0
7027,72689633,160,1
7028,72689709,76,0
7029,72689870,161,1
7030,72690029,159,0
7031,72690189,160,1
7032,72690266,77,0
7033,72690426,160,1
7034,72690502,76,0
7035,72690585,83,1
7036,72690738,153,0
7037,72690899,161,1
7038,72690975,76,0
7039,72691135,160,1
7040,72691211,76,0
7041,72691372,161,1
7042,72691447,75,0
7043,72691608,161,1
7044,72691684,76,0
7045,72691845,161,1
7046,72692003,158,0
7047,72692164,161,1
7048,72692240,76,0
7049,72692401,161,1
7050,72692476,75,0
7051,72692637,161,1
7052,72692713,76,0
7053,72692874,161,1
7054,72692949,75,0
7055,72693110,161,1
7056,72693186,76,0
7057,72693347,161,1
7058,72693422,75,0
7059,72693583,161,1
7060,72693659,76,0
7061,72693820,161,1
7062,72693978,158,0
7063,72694139,161,1
7064,72694215,76,0
7065,72694376,161,1
7066,72694451,75,0
7067,72694534,83,1
7068,72694688,154,0
7069,72694848,160,1
7070,72694924,76,0
7071,72695085,161,1
7072,72695161,76,0
7073,72695321,160,1
7074,72695397,76,0
7075,72695558,161,1
7076,72695634,76,0
7077,72695794,160,1
7078,72695953,159,0
7079,72696114,161,1
7080,72696190,76,0
7081,72696350,160,1
7082,72696426,76,0
7083,72696587,161,1
7084,72696663,76,0
7085,72696823,160,1
7086,72696899,76,0
7087,72697060,161,1
7088,72697136,76,0
7089,72697296,160,1
7090,72697372,76,0
7091,72697533,161,1
7092,72697609,76,0
7093,72697769,160,1
7094,72697928,159,0
7095,72698089,161,1
7096,72698165,76,0
7097,72698325,160,1
7098,72698401,76,0
7099,72698484,83,1
7100,72698638,154,0
7101,72698798,160,1
7102,72698874,76,0
7103,72699035,161,1
7104,72699111,76,0
7105,72699271,160,1
7106,72699347,76,0
7107,72699508,161,1
7108,72699584,76,0
7109,72699744,160,1
7110,72699904,160,0
7111,72700065,161,1
7112,72700141,76,0
7113,72700301,160,1
7114,72700377,76,0
7115,72700538,161,1
7116,72700614,76,0
7117,72700774,160,1
7118,72706371,5597,0
7119,72710271,3900,1
7120,72807791,97520,0
7121,72807998,207,1
7122,72808078,80,0
7123,72808238,160,1
7124,72808314,76,0
7125,72808397,83,1
7126,72808551,154,0
7127,72808711,160,1
7128,72808787,76,0
7129,72808948,161,1
7130,72809106,158,0
7131,72809266,160,1
7132,72809342,76,0
7133,72809503,161,1
7134,72809579,76,0
7135,72809740,161,1
7136,72809815,75,0
7137,72809976,161,1
7138,72810052,76,0
7139,72810213,161,1
7140,72810288,75,0
7141,72810449,161,1
7142,72810525,76,0
7143,72810686,161,1
7144,72810761,75,0
7145,72810922,161,1
7146,72811081,159,0
7147,72811242,161,1
7148,72811317,75,0
7149,72811478,161,1
7150,72811554,76,0
7151,72811637,83,1
7152,72811790,153,0
7153,72811951,161,1
7154,72812027,76,0
7155,72812187,160,1
7156,72812266,79,0
7157,72812424,158,1
7158,72812500,76,0
7159,72812660,160,1
7160,72812736,76,0
7161,72812897,161,1
7162,72813056,159,0
7163,72813216,160,1
7164,72813292,76,0
7165,72813453,161,1
7166,72813529,76,0
7167,72813689,160,1
7168,72813765,76,0
7169,72813926,161,1
7170,72814002,76,0
7171,72814162,160,1
7172,72814238,76,0
7173,72814399,161,1
7174,72814475,76,0
7175,72814635,160,1
7176,72814711,76,0
7177,72814872,161,1
7178,72815031,159,0
7179,72815191,160,1
7180,72815267,76,0
7181,72815428,161,1
7182,72815504,76,0
7183,72815587,83,1
7184,72815740,153,0
7185,72815901,161,1
7186,72815977,76,0
7187,72816137,160,1
7188,72816213,76,0
7189,72816374,161,1
7190,72816450,76,0
7191,72816610,160,1
7192,72816686,76,0
7193,72816847,161,1
7194,72817006,159,0
7195,72817166,160,1
7196,72817242,76,0
7197,72817403,161,1
7198,72817479,76,0
7199,72817639,160,1
7200,72817715,76,0
7201,72817876,161,1
7202,72817952,76,0
7203,72818112,160,1
7204,72818188,76,0
7205,72818349,161,1
7206,72818425,76,0
7207,72818586,161,1
7208,72818661,75,0
7209,72818822,161,1
7210,72818980,158,0
7211,72819141,161,1
7212,72819217,76,0
7213,72819378,161,1
7214,72819453,75,0
7215,72819536,83,1
7216,72819690,154,0
7217,72819851,161,1
7218,72819926,75,0
7219,72820087,161,1
7220,72820163,76,0
7221,72820324,161,1
7222,72820399,75,0
7223,72820560,161,1
7224,72820636,76,0
7225,72820797,161,1
7226,72820955,158,0
7227,72821116,161,1
7228,72821192,76,0
7229,72821353,161,1
7230,72821428,75,0
7231,72821589,161,1
7232,72821665,76,0
7233,72821825,160,1
7234,72821901,76,0
7235,72822062,161,1
7236,72822138,76,0
7237,72822298,160,1
7238,72822374,76,0
7239,72822535,161,1
7240,72822611,76,0
7241,72822771,160,1
7242,72822930,159,0
7243,72823091,161,1
7244,72823167,76,0
7245,72823327,160,1
7246,72823403,76,0
7247,72823486,83,1
7248,72823640,154,0
7249,72823800,160,1
7250,72823876,76,0
7251,72824037,161,1
7252,72824113,76,0
7253,72824273,160,1
7254,72824349,76,0
7255,72824510,161,1
7256,72824586,76,0
7257,72824746,160,1
7258,72824906,160,0
7259,72825067,161,1
7260,72825143,76,0
7261,72825303,160,1
7262,72825379,76,0
7263,72825540,161,1
7264,72825616,76,0
7265,72825776,160,1
7266,72831373,5597,0
7267,72835273,3900,1
7268,72956375,121102,0
7269,72960275,3900,1
7270,73081377,121102,0
7271,73085277,3900,1
7272,73206379,121102,0
7273,73210279,3900,1
7274,73331381,121102,0
7275,73335281,3900,1
7276,73456383,121102,0
7277,73460283,3900,1
7278,73581386,121103,0
7279,73585286,3900,1
7280,73585479,193,0
7281,73585682,203,1
7282,73585755,73,0
7283,73585911,156,1
7284,73585991,80,0
7285,73586147,156,1
7286,73586227,80,0
7287,73586383,156,1
7288,73586463,80,0
7289,73586620,157,1
7290,73586700,80,0
7291,73586856,156,1
7292,73586936,80,0
7293,73587092,156,1
7294,73587172,80,0
7295,73587328,156,1
7296,73587408,80,0
7297,73587564,156,1
7298,73587725,161,0
7299,73587883,158,1
7300,73587957,74,0
7301,73588115,158,1
7302,73706388,118273,0
7303,73710288,3900,1
7304,73831390,121102,0
7305,73835290,3900,1
7306,73956392,121102,0
7307,73960292,3900,1
7308,74081394,121102,0
7309,74085294,3900,1
7310,74206396,121102,0
7311,74210296,3900,1
7312,74331398,121102,0
7313,74335298,3900,1
7314,74456400,121102,0
7315,74460300,3900,1
7316,74581403,121103,0
7317,74585303,3900,1
7318,74706405,121102,0
7319,74710305,3900,1
7320,74831407,121102,0
7321,74835307,3900,1
7322,74956409,121102,0
7323,74960309,3900,1
7324,75081411,121102,0
7325,75085311,3900,1
7326,75206413,121102,0
7327,75210313,3900,1
7328,75331415,121102,0
7329,75335315,3900,1
7330,75456418,121103,0
7331,75460317,3899,1
7332,75581420,121103,0
7333,75585320,3900,1
7334,75706422,121102,0
7335,75710322,3900,1
7336,75831424,121102,0
7337,75835324,3900,1
7338,75956426,121102,0
7339,75960326,3900,1
7340,76081428,121102,0
7341,76085328,3900,1
7342,76206430,121102,0
7343,76210330,3900,1
7344,76331432,121102,0
7345,76335332,3900,1
7346,76456435,121103,0
7347,76460334,3899,1
7348,76581437,121103,0
7349,76585337,3900,1
7350,76706439,121102,0
7351,76710339,3900,1
7352,76831441,121102,0
7353,76835341,3900,1
7354,76956443,121102,0
7355,76960343,3900,1
7356,77081445,121102,0
7357,77085345,3900,1
7358,77206447,121102,0
7359,77210347,3900,1
7360,77331449,121102,0
7361,77335349,3900,1
7362,77456452,121103,0
7363,77460352,3900,1
7364,77581454,121102,0
7365,77585354,3900,1
7366,77706456,121102,0
7367,77710356,3900,1
7368,77831458,121102,0
7369,77835358,3900,1
7370,77932878,97520,0
7371,77933085,207,1
7372,77933165,80,0
7373,77933325,160,1
7374,77933401,76,0
7375,77933484,83,1
7376,77933638,154,0
7377,77933798,160,1
7378,77933874,76,0
7379,77934035,161,1
7380,77934193,158,0
7381,77934354,161,1
7382,77934430,76,0
7383,77934591,161,1
7384,77934666,75,0
7385,77934827,161,1
7386,77934903,76,0
7387,77935063,160,1
7388,77935139,76,0
7389,77935300,161,1
7390,77935376,76,0
7391,77935536,160,1
7392,77935612,76,0
7393,77935773,161,1
7394,77935849,76,0
7395,77936009,160,1
7396,77936168,159,0
7397,77936251,83,1
7398,77936405,154,0
7399,77936565,160,1
7400,77936641,76,0
7401,77936724,83,1
7402,77936878,154,0
7403,77937038,160,1
7404,77937114,76,0
7405,77937275,161,1
7406,77937351,76,0
7407,77937511,160,1
7408,77937588,77,0
7409,77937748,160,1
7410,77937823,75,0
7411,77937984,161,1
7412,77938143,159,0
7413,77938304,161,1
7414,77938379,75,0
7415,77938540,161,1
7416,77938616,76,0
7417,77938777,161,1
7418,77938852,75,0
7419,77939013,161,1
7420,77939089,76,0
7421,77939250,161,1
7422,77939325,75,0
7423,77939486,161,1
7424,77939562,76,0
7425,77939723,161,1
7426,77939798,75,0
7427,77939959,161,1
7428,77940118,159,0
7429,77940201,83,1
7430,77940354,153,0
7431,77940515,161,1
7432,77940591,76,0
7433,77940674,83,1
7434,77940827,153,0
7435,77940988,161,1
7436,77941064,76,0
7437,77941225,161,1
7438,77941300,75,0
7439,77941461,161,1
7440,77941537,76,0
7441,77941698,161,1
7442,77941773,75,0
7443,77941934,161,1
7444,77942093,159,0
7445,77942253,160,1
7446,77942329,76,0
7447,77942490,161,1
7448,77942566,76,0
7449,77942726,160,1
7450,77942802,76,0
7451,77942963,161,1
7452,77943039,76,0
7453,77943199,160,1
7454,77943275,76,0
7455,77943436,161,1
7456,77943512,76,0
7457,77943672,160,1
7458,77943748,76,0
7459,77943909,161,1
7460,77944068,159,0
7461,77944150,82,1
7462,77944304,154,0
7463,77944465,161,1
7464,77944541,76,0
7465,77944623,82,1
7466,77944777,154,0
7467,77944938,161,1
7468,77945014,76,0
7469,77945174,160,1
7470,77945250,76,0
7471,77945411,161,1
7472,77945487,76,0
7473,77945647,160,1
7474,77945723,76,0
7475,77945884,161,1
7476,77946043,159,0
7477,77946203,160,1
7478,77946279,76,0
7479,77946440,161,1
7480,77946516,76,0
7481,77946676,160,1
7482,77946752,76,0
7483,77946913,161,1
7484,77946989,76,0
7485,77947149,160,1
7486,77947225,76,0
7487,77947386,161,1
7488,77947461,75,0
7489,77947622,161,1
7490,77947698,76,0
7491,77947859,161,1
7492,77948017,158,0
7493,77948100,83,1
7494,77948254,154,0
7495,77948415,161,1
7496,77948490,75,0
7497,77948573,83,1
7498,77948727,154,0
7499,77948888,161,1
7500,77948963,75,0
7501,77949124,161,1
7502,77949200,76,0
7503,77949361,161,1
7504,77949436,75,0
7505,77949597,161,1
7506,77949673,76,0
7507,77949834,161,1
7508,77949993,159,0
7509,77950154,161,1
7510,77950230,76,0
7511,77950391,161,1
7512,77950466,75,0
7513,77950627,161,1
7514,77950703,76,0
7515,77950863,160,1
7516,77956460,5597,0
7517,77960360,3900,1
7518,78057880,97520,0
7519,78058088,208,1
7520,78058167,79,0
7521,78058328,161,1
7522,78058403,75,0
7523,78058486,83,1
7524,78058640,154,0
7525,78058801,161,1
7526,78058876,75,0
7527,78059037,161,1
7528,78059195,158,0
7529,78059356,161,1
7530,78059432,76,0
7531,78059593,161,1
7532,78059668,75,0
7533,78059829,161,1
7534,78059905,76,0
7535,78060065,160,1
7536,78060141,76,0
7537,78060302,161,1
7538,78060378,76,0
7539,78060538,160,1
7540,78060614,76,0
7541,78060775,161,1
7542,78060851,76,0
7543,78061011,160,1
7544,78061170,159,0
7545,78061253,83,1
7546,78061407,154,0
7547,78061567,160,1
7548,78061643,76,0
7549,78061726,83,1
7550,78061880,154,0
7551,78062040,160,1
7552,78062116,76,0
7553,78062277,161,1
7554,78062353,76,0
7555,78062513,160,1
7556,78062589,76,0
7557,78062750,161,1
7558,78062826,76,0
7559,78062986,160,1
7560,78063145,159,0
7561,78063306,161,1
7562,78063382,76,0
7563,78063542,160,1
7564,78063618,76,0
7565,78063779,161,1
7566,78063855,76,0
7567,78064015,160,1
7568,78064091,76,0
7569,78064252,161,1
7570,78064328,76,0
7571,78064488,160,1
7572,78064564,76,0
7573,78064725,161,1
7574,78064801,76,0
7575,78064961,160,1
7576,78065120,159,0
7577,78065203,83,1
7578,78065356,153,0
7579,78065517,161,1
7580,78065593,76,0
7581,78065676,83,1
7582,78065829,153,0
7583,78065990,161,1
7584,78066066,76,0
7585,78066227,161,1
7586,78066302,75,0
7587,78066463,161,1
7588,78066539,76,0
7589,78066700,161,1
7590,78066775,75,0
7591,78066936,161,1
7592,78067095,159,0
7593,78067256,161,1
7594,78067331,75,0
7595,78067492,161,1
7596,78067568,76,0
7597,78067729,161,1
7598,78067804,75,0
7599,78067965,161,1
7600,78068041,76,0
7601,78068202,161,1
7602,78068278,76,0
7603,78068438,160,1
7604,78068514,76,0
7605,78068675,161,1
7606,78068750,75,0
7607,78068911,161,1
7608,78069070,159,0
7609,78069152,82,1
7610,78069306,154,0
7611,78069467,161,1
7612,78069543,76,0
7613,78069625,82,1
7614,78069779,154,0
7615,78069940,161,1
7616,78070016,76,0
7617,78070176,160,1
7618,78070252,76,0
7619,78070413,161,1
7620,78070489,76,0
7621,78070649,160,1
7622,78070725,76,0
7623,78070886,161,1
7624,78071045,159,0
7625,78071205,160,1
7626,78071281,76,0
7627,78071442,161,1
7628,78071518,76,0
7629,78071678,160,1
7630,78071754,76,0
7631,78071915,161,1
7632,78071991,76,0
7633,78072151,160,1
7634,78072227,76,0
7635,78072388,161,1
7636,78072464,76,0
7637,78072624,160,1
7638,78072700,76,0
7639,78072861,161,1
7640,78073020,159,0
7641,78073102,82,1
7642,78073256,154,0
7643,78073417,161,1
7644,78073493,76,0
7645,78073575,82,1
7646,78073729,154,0
7647,78073890,161,1
7648,78073966,76,0
7649,78074126,160,1
7650,78074202,76,0
7651,78074363,161,1
7652,78074439,76,0
7653,78074599,160,1
7654,78074675,76,0
7655,78074836,161,1
7656,78074995,159,0
7657,78075156,161,1
7658,78075232,76,0
7659,78075393,161,1
7660,78075468,75,0
7661,78075629,161,1
7662,78075705,76,0
7663,78075866,161,1
7664,78081462,5596,0
7665,78085362,3900,1
7666,78206464,121102,0
7667,78210364,3900,1
7668,78331466,121102,0
7669,78335366,3900,1
7670,78456469,121103,0
7671,78460369,3900,1
7672,78581471,121102,0
7673,78585371,3900,1
7674,78682891,97520,0
7675,78683098,207,1
7676,78683177,79,0
7677,78683338,161,1
7678,78683414,76,0
7679,78683497,83,1
7680,78683650,153,0
7681,78683811,161,1
7682,78683887,76,0
7683,78684048,161,1
7684,78684206,158,0
7685,78684367,161,1
7686,78684442,75,0
7687,78684603,161,1
7688,78684679,76,0
7689,78684840,161,1
7690,78684915,75,0
7691,78685076,161,1
7692,78685152,76,0
7693,78685313,161,1
7694,78685388,75,0
7695,78685549,161,1
7696,78685625,76,0
7697,78685786,161,1
7698,78685861,75,0
7699,78686022,161,1
7700,78686181,159,0
7701,78686341,160,1
7702,78686417,76,0
7703,78686578,161,1
7704,78686654,76,0
7705,78686736,82,1
7706,78686890,154,0
7707,78687051,161,1
7708,78687127,76,0
7709,78687287,160,1
7710,78687363,76,0
7711,78687524,161,1
7712,78687600,76,0
7713,78687760,160,1
7714,78687836,76,0
7715,78687997,161,1
7716,78688156,159,0
7717,78688316,160,1
7718,78688392,76,0
7719,78688553,161,1
7720,78688629,76,0
7721,78688789,160,1
7722,78688865,76,0
7723,78689026,161,1
7724,78689102,76,0
7725,78689266,164,1
7726,78689338,72,0
7727,78689499,161,1
7728,78689575,76,0
7729,78689735,160,1
7730,78689811,76,0
7731,78689972,161,1
7732,78690131,159,0
7733,78690291,160,1
7734,78690367,76,0
7735,78690528,161,1
7736,78690604,76,0
7737,78690686,82,1
7738,78690840,154,0
7739,78691001,161,1
7740,78691077,76,0
7741,78691237,160,1
7742,78691313,76,0
7743,78691474,161,1
7744,78691550,76,0
7745,78691710,160,1
7746,78691786,76,0
7747,78691947,161,1
7748,78692106,159,0
7749,78692266,160,1
7750,78692342,76,0
7751,78692503,161,1
7752,78692579,76,0
7753,78692739,160,1
7754,78692815,76,0
7755,78692976,161,1
7756,78693051,75,0
7757,78693212,161,1
7758,78693288,76,0
7759,78693449,161,1
7760,78693524,75,0
7761,78693685,161,1
7762,78693761,76,0
7763,78693922,161,1
7764,78694080,158,0
7765,78694241,161,1
7766,78694317,76,0
7767,78694478,161,1
7768,78694553,75,0
7769,78694636,83,1
7770,78694790,154,0
7771,78694951,161,1
7772,78695026,75,0
7773,78695187,161,1
7774,78695266,79,0
7775,78695424,158,1
7776,78695499,75,0
7777,78695660,161,1
7778,78695736,76,0
7779,78695897,161,1
7780,78696055,158,0
7781,78696216,161,1
7782,78696292,76,0
7783,78696453,161,1
7784,78696528,75,0
7785,78696689,161,1
7786,78696765,76,0
7787,78696925,160,1
7788,78697001,76,0
7789,78697162,161,1
7790,78697238,76,0
7791,78697398,160,1
7792,78697474,76,0
7793,78697635,161,1
7794,78697711,76,0
7795,78697871,160,1
7796,78698030,159,0
7797,78698191,161,1
7798,78698267,76,0
7799,78698427,160,1
7800,78698503,76,0
7801,78698586,83,1
7802,78698740,154,0
7803,78698900,160,1
7804,78698976,76,0
7805,78699137,161,1
7806,78699213,76,0
7807,78699373,160,1
7808,78699449,76,0
7809,78699610,161,1
7810,78699686,76,0
7811,78699846,160,1
7812,78700006,160,0
7813,78700167,161,1
7814,78700243,76,0
7815,78700403,160,1
7816,78700479,76,0
7817,78700640,161,1
7818,78700716,76,0
7819,78700876,160,1
7820,78706473,5597,0
7821,78710373,3900,1
7822,78807893,97520,0
7823,78808100,207,1
7824,78808180,80,0
7825,78808340,160,1
7826,78808416,76,0
7827,78808499,83,1
7828,78808653,154,0
7829,78808813,160,1
7830,78808889,76,0
7831,78809050,161,1
7832,78809208,158,0
7833,78809369,161,1
7834,78809445,76,0
7835,78809605,160,1
7836,78809681,76,0
7837,78809842,161,1
7838,78809918,76,0
7839,78810078,160,1
7840,78810154,76,0
7841,78810315,161,1
7842,78810390,75,0
7843,78810551,161,1
7844,78810627,76,0
7845,78810788,161,1
7846,78810863,75,0
7847,78811024,161,1
7848,78811183,159,0
7849,78811344,161,1
7850,78811419,75,0
7851,78811580,161,1
7852,78811656,76,0
7853,78811739,83,1
7854,78811892,153,0
7855,78812053,161,1
7856,78812129,76,0
7857,78812290,161,1
7858,78812365,75,0
7859,78812526,161,1
7860,78812602,76,0
7861,78812763,161,1
7862,78812838,75,0
7863,78812999,161,1
7864,78813158,159,0
7865,78813319,161,1
7866,78813394,75,0
7867,78813555,161,1
7868,78813631,76,0
7869,78813792,161,1
7870,78813867,75,0
7871,78814028,161,1
7872,78814104,76,0
7873,78814266,162,1
7874,78814340,74,0
7875,78814501,161,1
7876,78814577,76,0
7877,78814737,160,1
7878,78814813,76,0
7879,78814974,161,1
7880,78815133,159,0
7881,78815293,160,1
7882,78815369,76,0
7883,78815530,161,1
7884,78815606,76,0
7885,78815688,82,1
7886,78815842,154,0
7887,78816003,161,1
7888,78816079,76,0
7889,78816239,160,1
7890,78816315,76,0
7891,78816476,161,1
7892,78816552,76,0
7893,78816712,160,1
7894,78816788,76,0
7895,78816949,161,1
7896,78817108,159,0
7897,78817268,160,1
7898,78817344,76,0
7899,78817505,161,1
7900,78817581,76,0
7901,78817741,160,1
7902,78817817,76,0
7903,78817978,161,1
7904,78818054,76,0
7905,78818214,160,1
7906,78818290,76,0
7907,78818451,161,1
7908,78818527,76,0
7909,78818687,160,1
7910,78818763,76,0
7911,78818924,161,1
7912,78819083,159,0
7913,78819243,160,1
7914,78819319,76,0
7915,78819480,161,1
7916,78819556,76,0
7917,78819638,82,1
7918,78819792,154,0
7919,78819953,161,1
7920,78820029,76,0
7921,78820189,160,1
7922,78820266,77,0
7923,78820426,160,1
7924,78820501,75,0
7925,78820662,161,1
7926,78820738,76,0
7927,78820899,161,1
7928,78821057,158,0
7929,78821218,161,1
7930,78821294,76,0
7931,78821455,161,1
7932,78821530,75,0
7933,78821691,161,1
7934,78821767,76,0
7935,78821928,161,1
7936,78822003,75,0
7937,78822164,161,1
7938,78822240,76,0
7939,78822401,161,1
7940,78822476,75,0
7941,78822637,161,1
7942,78822713,76,0
7943,78822874,161,1
7944,78823032,158,0
7945,78823193,161,1
7946,78823269,76,0
7947,78823429,160,1
7948,78823505,76,0
7949,78823588,83,1
7950,78823742,154,0
7951,78823902,160,1
7952,78823978,76,0
7953,78824139,161,1
7954,78824215,76,0
7955,78824375,160,1
7956,78824451,76,0
7957,78824612,161,1
7958,78824688,76,0
7959,78824848,160,1
7960,78825008,160,0
7961,78825169,161,1
7962,78825245,76,0
7963,78825405,160,1
7964,78825481,76,0
7965,78825642,161,1
7966,78825718,76,0
7967,78825878,160,1
7968,78831475,5597,0
7969,78835375,3900,1
7970,78956477,121102,0
7971,78960377,3900,1
7972,79081479,121102,0
7973,79085379,3900,1
7974,79206481,121102,0
7975,79210381,3900,1
7976,79331483,121102,0
7977,79335383,3900,1
7978,79456486,121103,0
7979,79460386,3900,1
7980,79581488,121102,0
7981,79585388,3900,1
7982,79706490,121102,0
7983,79710390,3900,1
7984,79710585,195,0
7985,79710787,202,1
7986,79710861,74,0
7987,79711017,156,1
7988,79711097,80,0
7989,79711253,156,1
7990,79711333,80,0
7991,79711489,156,1
7992,79711569,80,0
7993,79711725,156,1
7994,79711805,80,0
7995,79711884,79,1
7996,79712040,156,0
7997,79712196,156,1
7998,79712276,80,0
7999,79712355,79,1
8000,79712511,156,0
8001,79712590,79,1
8002,79712829,239,0
8003,79712987,158,1
8004,79713061,74,0
8005,79713219,158,1
8006,79807910,94691,0
8007,79808117,207,1
8008,79808197,80,0
8009,79808357,160,1
8010,79808433,76,0
8011,79808516,83,1
8012,79808670,154,0
8013,79808830,160,1
8014,79808906,76,0
8015,79809067,161,1
8016,79809225,158,0
8017,79809386,161,1
8018,79809462,76,0
8019,79809622,160,1
8020,79809698,76,0
8021,79809859,161,1
8022,79809935,76,0
8023,79810095,160,1
8024,79810171,76,0
8025,79810332,161,1
8026,79810408,76,0
8027,79810568,160,1
8028,79810644,76,0
8029,79810805,161,1
8030,79810880,75,0
8031,79811041,161,1
8032,79811200,159,0
8033,79811283,83,1
8034,79811436,153,0
8035,79811597,161,1
8036,79811673,76,0
8037,79811756,83,1
8038,79811909,153,0
8039,79812070,161,1
8040,79812146,76,0
8041,79812307,161,1
8042,79812382,75,0
8043,79812543,161,1
8044,79812619,76,0
8045,79812780,161,1
8046,79812855,75,0
8047,79813016,161,1
8048,79813175,159,0
8049,79813336,161,1
8050,79813411,75,0
8051,79813572,161,1
8052,79813648,76,0
8053,79813809,161,1
8054,79813884,75,0
8055,79814045,161,1
8056,79814121,76,0
8057,79814282,161,1
8058,79814357,75,0
8059,79814518,161,1
8060,79814594,76,0
8061,79814755,161,1
8062,79814830,75,0
8063,79814991,161,1
8064,79815150,159,0
8065,79815232,82,1
8066,79815386,154,0
8067,79815547,161,1
8068,79815623,76,0
8069,79815705,82,1
8070,79815859,154,0
8071,79816020,161,1
8072,79816096,76,0
8073,79816256,160,1
8074,79816332,76,0
8075,79816493,161,1
8076,79816569,76,0
8077,79816729,160,1
8078,79816805,76,0
8079,79816966,161,1
8080,79817125,159,0
8081,79817285,160,1
8082,79817361,76,0
8083,79817522,161,1
8084,79817598,76,0
8085,79817758,160,1
8086,79817834,76,0
8087,79817995,161,1
8088,79818071,76,0
8089,79818231,160,1
8090,79818307,76,0
8091,79818468,161,1
8092,79818544,76,0
8093,79818704,160,1
8094,79818780,76,0
8095,79818941,161,1
8096,79819100,159,0
8097,79819182,82,1
8098,79819336,154,0
8099,79819497,161,1
8100,79819573,76,0
8101,79819655,82,1
8102,79819809,154,0
8103,79819970,161,1
8104,79820046,76,0
8105,79820206,160,1
8106,79820282,76,0
8107,79820443,161,1
8108,79820518,75,0
8109,79820679,161,1
8110,79820755,76,0
8111,79820916,161,1
8112,79821074,158,0
8113,79821235,161,1
8114,79821311,76,0
8115,79821472,161,1
8116,79821547,75,0
8117,79821708,161,1
8118,79821784,76,0
8119,79821945,161,1
8120,79822020,75,0
8121,79822181,161,1
8122,79822257,76,0
8123,79822418,161,1
8124,79822493,75,0
8125,79822654,161,1
8126,79822730,76,0
8127,79822891,161,1
8128,79823049,158,0
8129,79823132,83,1
8130,79823286,154,0
8131,79823447,161,1
8132,79823522,75,0
8133,79823605,83,1
8134,79823759,154,0
8135,79823920,161,1
8136,79823995,75,0
8137,79824156,161,1
8138,79824232,76,0
8139,79824392,160,1
8140,79824468,76,0
8141,79824629,161,1
8142,79824705,76,0
8143,79824865,160,1
8144,79825025,160,0
8145,79825186,161,1
8146,79825266,80,0
8147,79825422,156,1
8148,79825498,76,0
8149,79825659,161,1
8150,79825735,76,0
8151,79825895,160,1
8152,79831492,5597,0
8153,79835392,3900,1
8154,79932912,97520,0
8155,79933119,207,1
8156,79933199,80,0
8157,79933359,160,1
8158,79933435,76,0
8159,79933518,83,1
8160,79933672,154,0
8161,79933832,160,1
8162,79933908,76,0
8163,79934069,161,1
8164,79934227,158,0
8165,79934388,161,1
8166,79934464,76,0
8167,79934624,160,1
8168,79934700,76,0
8169,79934861,161,1
8170,79934937,76,0
8171,79935097,160,1
8172,79935173,76,0
8173,79935334,161,1
8174,79935410,76,0
8175,79935570,160,1
8176,79935646,76,0
8177,79935807,161,1
8178,79935883,76,0
8179,79936043,160,1
8180,79936202,159,0
8181,79936285,83,1
8182,79936439,154,0
8183,79936599,160,1
8184,79936675,76,0
8185,79936758,83,1
8186,79936912,154,0
8187,79937072,160,1
8188,79937148,76,0
8189,79937309,161,1
8190,79937385,76,0
8191,79937545,160,1
